city,time,title
深圳,2019-02-18,29912-增长移动端开发iOS
深圳,2019-02-18,29912-数据产品经理
深圳,2019-02-18,29912-增长交互设计
深圳,2019-02-18,29912-微视前端开发工程师
深圳,2019-02-18,31329-计算机视觉资深研究员
上海,2019-02-18,15618-3D特效设计师（上海）
深圳,2019-02-18,28170-WEB开发（前端）高级工程师
深圳,2019-02-18,PCG09-信息流后台开发工程师
深圳,2019-02-18,PCG09-短视频高级产品运营经理
北京,2019-02-18,22088-体育电商运营
深圳,2019-02-18,28966-游戏平台C4D品牌设计师（深圳）
成都,2019-02-18,25927-游戏高级测试工程师（成都）
深圳,2019-02-18,6486-秘书（深圳）
上海,2019-02-18,20503-深度学习智慧零售应用研发工程师（上海）
深圳,2019-02-18,CSIG17-云测试高级工程师
深圳,2019-02-18,31504-高级运营开发工程师
深圳,2019-02-18,22989-腾讯云CVM产品前端开发工程师（深圳）
深圳,2019-02-18,CSIG17-云高级测试开发工程师
深圳,2019-02-18,30360-QQ会员-Android开发工程师（深圳）
深圳,2019-02-18,18402-MMORPG主策划/高级策划（深圳）
上海,2019-02-18,15616-高级动画师
深圳,2019-02-18,31677-用户研究组长（深圳）
深圳,2019-02-18,CSIG02-腾讯云泛政府行业产品运营组组长（深圳）
北京,2019-02-18,25663-腾讯云海外行业专家(北京/上海/深圳)（北京）
深圳,2019-02-18,21309-企鹅辅导产品运营经理
深圳,2019-02-18,CS-腾讯公益高级测试工程师
深圳,2019-02-18,PCG19-腾讯视频搜索后台研发工程师（深圳）
深圳,2019-02-18,21309-在线教育C/C++后台开发工程师（深圳）
深圳,2019-02-18,19823-动画电影美术设计师（深圳）
深圳,2019-02-18,29912-增长安卓开发工程师
深圳,2019-02-18,25929-互娱沙盒类手游服务端开发（深圳）
深圳,2019-02-18,29912-Android开发工程师
深圳,2019-02-18,6486-秘书（深圳）
北京,2019-02-18,23674-推荐算法高级工程师
上海,2019-02-18,15618-游戏UI设计师（上海）
上海,2019-02-18,15618-手游系统策划（上海）
上海,2019-02-18,19407-移动游戏社区运营策划（上海）
深圳,2019-02-18,15570-FPS系统策划（深圳）
上海,2019-02-18,15618-手游关卡策划（上海）
深圳,2019-02-18,CSIG14-市场监管产品经理
上海,2019-02-18,25927-游戏测试经理（上海）
深圳,2019-02-18,30627-腾讯广告SMB区域业务拓展经理 （RGM)--南区
深圳,2019-02-18,22989-运营产品中心高级产品经理
深圳,2019-02-18,31504-高级数据运维工程师（DBA）
北京,2019-02-18,AQ-行业合作经理（北京）
上海,2019-02-18,27554-腾讯音乐商业制片人（上海）
北京,2019-02-18,22086-体育号内容质量产品经理
深圳,2019-02-18,GY0-腾讯云海外商务拓展
广州,2019-02-18,AQ-产品安全经理（广州）
广州,2019-02-18,WXG02-121 微信安全大数据高级工程师（广州）
深圳,2019-02-18,15605-动作RPG手游游戏活动策划
广州,2019-02-18,30626-腾讯广告OTT智能电视广告销售经理（南区）
深圳,2019-02-18,PCG09-信息流产品垂类高级产品运营经理
北京,2019-02-18,19837-电影新媒体媒介经理
深圳,2019-02-18,22989-云服务平台部--服务运营中心总监
深圳,2019-02-18,22989-视频云高级Web前端开发
上海,2019-02-18,15573-MMORPG UE4手游3D动画设计师（上海）
上海,2019-02-18,15573-MMORPG UE4手游交互设计师(上海)
深圳,2019-02-18,29050-数据安全经理/专家（深圳）
深圳,2019-02-18,PCG19-视频编解码研发专家（深圳）
深圳,2019-02-18,TEG10-高级规划工程师(深圳)
深圳,2019-02-18,30620-腾讯广告高级算法工程师（微信广告 深圳）
深圳,2019-02-18,TEG07-CDC高级多媒体视觉设计师（深圳）
深圳,2019-02-18,18428-金融应用高级运维工程师（深圳）
北京,2019-02-18,PCG19-腾讯视频搜索算法高级工程师(北京)
上海,2019-02-18,21229-高级游戏市场产品分析（上海）
深圳,2019-02-18,AQ-安全智库经理（深圳）
深圳,2019-02-18,30620-腾讯广告后台开发工程师（微信广告 深圳）
深圳,2019-02-18,TEG13-自然语言处理高级工程师（深圳）
深圳,2019-02-18,18428-智慧农险产品经理
深圳,2019-02-18,XZ-高管秘书（深圳）
深圳,2019-02-18,30629-腾讯广告数据技术市场经理
深圳,2019-02-18,HY-高管秘书（深圳）
深圳,2019-02-18,30628-腾讯广告投放平台web前端开发工程师（深圳）
深圳,2019-02-18,28601-114 微信支付行业应用开发工程师（深圳）
北京,2019-02-18,CSIG16-地图众包Web前端开发
深圳,2019-02-18,22989-腾讯云存储产品运营（深圳/北京）
深圳,2019-02-18,TEG15-结算平台高级开发工程师（深圳）
深圳,2019-02-18,WXG02-154 微信游戏系统测试工程师（深圳）
上海,2019-02-18,15573-手游客户端开发工程师（上海）
深圳,2019-02-18,30620-腾讯社交广告流量生态平台合作运营经理（微信广告 深圳）
深圳,2019-02-18,CSIG07-数据安全研究（深圳）
深圳,2019-02-18,CSIG07-安全大数据分析工程师（深圳）
深圳,2019-02-18,30620-腾讯社交广告算法专家（微信广告 深圳）
深圳,2019-02-18,23294-电竞明星经纪（深圳）
北京,2019-02-18,CSIG16-自动驾驶产品经理(北京)
广州,2019-02-18,WXG01-122 微信数据科学家（广州）
深圳,2019-02-18,30620-腾讯社交广告房产家装行业运营经理（微信广告 深圳）
北京,2019-02-18,WXG08-113 微信自然语言处理系统后台开发工程师（北京）
深圳,2019-02-18,CSIG14-金融风控策略
深圳,2019-02-18,22989-腾讯云中间件web前端开发工程师（深圳）
上海,2019-02-18,21062-技术美术专家（上海）
深圳,2019-02-18,30620-腾讯社交广告反作弊工程师（微信广告 深圳）
深圳,2019-02-18,23295-互娱媒介策划经理（产品传播方向）（深圳）
深圳,2019-02-18,15581-欢乐斗地主研发策划(深圳)
北京,2019-02-18,29311-智慧出行产业品牌经理（北京）
深圳,2019-02-18,31458-信用卡业务后台开发工程师
北京,2019-02-18,23673-短视频热点运营（北京）
深圳,2019-02-18,15851-游戏专项测试开发工程师(深圳)
深圳,2019-02-18,18402-MMO手游-平台渠道运营
深圳,2019-02-18,28170-社区运营经理
深圳,2019-02-18,PCG10-浏览器阅读中心前端开发工程师（深圳）
上海,2019-02-18,30628-腾讯广告平台高级产品经理（上海）
北京,2019-02-18,22088-体育电商产品经理
北京,2019-02-18,28481-高级医疗商务拓展经理（北京）
深圳,2019-02-18,27553-腾讯音乐人曲库运营
北京,2019-02-18,22086-体育号CP管理产品经理 
成都,2019-02-18,PCG10-高级产品经理（工具产品方向）
深圳,2019-02-18,18432-基金高级分析师
上海,2019-02-18,21062-游戏引擎渲染工程师（上海）
深圳,2019-02-18,TEG05-高级前台开发工程师（深圳）
深圳,2019-02-18,TEG05-高级安全分析运营工程师（深圳）
深圳,2019-02-18,15611-航海王IP动作游戏3D特效设计师（深圳）
深圳,2019-02-18,HY-研发外包管理项目经理
深圳,2019-02-18,27092-用户增长后台开发工程师（深圳）
深圳,2019-02-18,23671-企鹅号Howto品类产品运营（深圳）
深圳,2019-02-18,TEG02-网络运维工程师
北京,2019-02-18,15612-资深数值策划（北京）
深圳,2019-02-18,26563-数据分析（深圳）
深圳,2019-02-18,TME-全民K歌高级数据产品经理
上海,2019-02-18,22989-腾讯云网络高级后台开发工程师（上海/北京）
广州,2019-02-18,WXG01-212 微信高级产品策划经理（广州）
北京,2019-02-18,29912-微视音乐编辑
深圳,2019-02-18,15611-高级UnrealEngine技术美术（深圳）
深圳,2019-02-18,TME-全民K歌数据产品经理
深圳,2019-02-18,21090-高级商业分析（深圳）
北京,2019-02-18,23674-小程序web前端开发
深圳,2019-02-18,30622-腾讯广告Q系流量商业化产品经理（深圳）
深圳,2019-02-18,21527-腾讯音乐PHP应用开发工程师（深圳）
深圳,2019-02-18,24491-王者荣耀全球版 数据分析师（深圳）
北京,2019-02-18,CSIG16-手图应用开发工程师
深圳,2019-02-18,28603-143 微信支付后台策略安全工程师（深圳）
深圳,2019-02-18,30620-腾讯社交广告web前端高级开发工程师(微信广告 深圳）
深圳,2019-02-18,TEG05-高级后台研发工程师（深圳）
北京,2019-02-18,CSIG16-自动驾驶计算机视觉算法工程师（北京)
深圳,2019-02-18,TEG15-区块链后台开发工程师（深圳）
北京,2019-02-18,CSIG16-车联网架构师（北京）
深圳,2019-02-18,HY6-产品运营经理（深圳）
深圳,2019-02-18,15612-游戏客户端研发工程师(深圳)
北京,2019-02-18,WXG08-122 微信推荐机器学习算法工程师（北京）
深圳,2019-02-18,30621-腾讯社交广告Web前端开发工程师（新闻视频广告 深圳）
深圳,2019-02-18,18428-财付通基础交易开发工程师（深圳）
深圳,2019-02-18,14914-智慧零售公关经理（广州）
广州,2019-02-18,ZL-商业分析分析师/经理(广州或深圳)
上海,2019-02-18,25928-次世代3D角色美术(上海）
北京,2019-02-18,CSIG16-手图运营开发工程师（北京）
北京,2019-02-18,PCG19-腾讯视频大数据高级工程师（北京）
上海,2019-02-18,15573-MMORPG资深手游关卡设计师（上海）
上海,2019-02-18,25928-次世代3D特效师（上海）
上海,2019-02-18,30622-腾讯广告QQ系流量品牌类广告运营经理（深圳/上海）（上海）
北京,2019-02-18,PCG11-后台开发工程师（北京）
深圳,2019-02-18,30934-海外游戏高级业务规划经理
深圳,2019-02-18,28481-高级前端开发工程师
深圳,2019-02-18,22989-数据产品专家/高级数据产品经理
深圳,2019-02-18,26563-游戏平台（WeGame）产品策划
深圳,2019-02-18,25668-高级品牌经理（深圳/上海）
深圳,2019-02-18,22989-腾讯云资深运营开发工程师（深圳）
北京,2019-02-18,15612-MMORPG剧情策划师（北京）
深圳,2019-02-18,28601-微信支付餐饮行业商务拓展经理（深圳）
北京,2019-02-18,PCG11-后台开发工程师（北京）
北京,2019-02-18,30623-腾讯广告联盟广告Android高级架构师（北京）
深圳,2019-02-18,23872-CRM组成员
深圳,2019-02-18,22989-云计算规划架构师
深圳,2019-02-18,22989-服务器技术工程师
上海,2019-02-18,25666-互联网商务拓展（上海）
北京,2019-02-18,27647-剧本编审（北京）
北京,2019-02-18,23671-企鹅号后台开发工程师（北京）
深圳,2019-02-18,22850-腾讯视频VIP后台开发
深圳,2019-02-18,25923-数据分析师（深圳）
广州,2019-02-18,WXG02-116 微信专项测试工程师（广州）
深圳,2019-02-18,30621-腾讯社交广告应用开发工程师（新闻视频广告 深圳）
深圳,2019-02-18,23294-互娱赛事运营经理（深圳）
广州,2019-02-18,WXG02-143 微信后台策略安全工程师(广州)
深圳,2019-02-18,TEG09-云存储高级研发工程师（深圳/北京）
深圳,2019-02-18,20503-计算机视觉高级研究员（深圳）
深圳,2019-02-18,CB-绩效经理（深圳）
香港,2019-02-18,HGJ-senior legal counsel(MA)
深圳,2019-02-18,HY6-推广策划经理-电竞方向（深圳）
北京,2019-02-18,22989-腾讯云大数据产品研发工程师（北京）
上海,2019-02-18,21229-游戏测试工程师（上海）
北京,2019-02-18,15612-手游后台开发（北京）
深圳,2019-02-18,25923-移动游戏运维工程师（深圳）
深圳,2019-02-18,25663-游戏行业运营经理（深圳）
上海,2019-02-18,15573-手游服务器开发工程师（上海）
深圳,2019-02-18,30934-商业化策划
深圳,2019-02-18,29923-用户研究员
深圳,2019-02-18,30934-SLG海外手游运营策划
深圳,2019-02-18,22989-腾讯云serverless运营开发工程师（深圳总部）
上海,2019-02-18,29777-金融云资管行业售前架构师（北上深）（上海）
北京,2019-02-18,29777-金融资管行业产品经理（北上深）（北京）
北京,2019-02-18,23486-证券社区运营经理（北京）
深圳,2019-02-18,CSIG07-解决方案架构师（北京/深圳）（深圳总部）
深圳,2019-02-18,25663-泛互联网行业产品副组长（游戏、文创方向）
深圳,2019-02-18,15612-游戏制作人/主策划（深圳）
深圳,2019-02-18,21882-医疗资讯产品中心―高级交互设计师（深圳）
深圳,2019-02-18,PCG17-QQ钱包后台开发工程师（深圳）
深圳,2019-02-18,23295-互娱游戏数据营销经理（深圳）
北京,2019-02-18,23675-后台开发（北京）
北京,2019-02-18,TME-全民K歌音频算法工程师（北京）
深圳,2019-02-18,CSIG07-电脑管家后台开发工程师（深圳）
广州,2019-02-18,WXG02-116 微信小游戏专项测试工程师（广州/深圳）
广州,2019-02-18,WXG01-117 微信iOS客户端创新业务开发工程师 - 小程序开发（广州）
成都,2019-02-18,20016-《王者荣耀》高级测试开发工程师（成都）
上海,2019-02-18,21229-欧美代理游戏运营（上海）
上海,2019-02-18,25663-金融云互联网金融售前架构师（深圳/北京/上海）
深圳,2019-02-18,PCG04-看点高级测试开发工程师（深圳）
北京,2019-02-18,17757-安全管理平台PHP开发工程师（北京）
深圳,2019-02-18,25928-游戏语音高级产品策划（深圳）
深圳,2019-02-18,15612-后台游戏开发工程师(深圳）
昆明,2019-02-18,26381-腾云市场营销策划经理（合资公司编制-昆明）
昆明,2019-02-18,26381-腾云技术总监（合资公司编制-昆明）
深圳,2019-02-18,19511-游戏学院高校合作项目经理（深圳）
深圳,2019-02-18,22989-腾讯云serverless后台开发工程师（深圳）
深圳,2019-02-18,CSIG07-安全数据挖掘工程师（深圳）
昆明,2019-02-18,26381-腾云交互设计（合资公司编制-云南）
广州,2019-02-18,28600-113 微信支付后台开发工程师（广州）
深圳,2019-02-18,25663-腾讯游戏云高级产品经理（深圳）
昆明,2019-02-18,26381-腾云项目经理（合资公司编制-昆明）
昆明,2019-02-18,26381-腾云平台运营总监（合资公司编制-云南）
深圳,2019-02-18,28481-高级项目经理(深圳)
深圳,2019-02-18,22989-腾讯云网络规划工程师（深圳）
深圳,2019-02-18,TEG05-品牌管理经理（深圳）
深圳,2019-02-18,27216-腾讯乘车码-客户端资深开发工程师
北京,2019-02-18,25667-渠道培训运营经理（北京、上海）
深圳,2019-02-18,15605-动作RPG类手游商业化运营
深圳,2019-02-18,21527-腾讯音乐高级内部审计师（深圳）
深圳,2019-02-18,30624-腾讯广告行业拓展销售经理（深圳）
深圳,2019-02-18,15569-魂斗罗高级美术项目管理
深圳,2019-02-18,18428-财付通平台组件测试工程师
香港,2019-02-18,HGJ-Senior Legal Counsel (AML Advisory)
深圳,2019-02-18,22989-腾讯云直播生态经理
深圳,2019-02-18,18796-平台运营经理(深圳)
深圳,2019-02-18,CSIG07-业务威胁情报分析师
深圳,2019-02-18,PCG04-测试leader（深圳）
北京,2019-02-18,CSIG16-手图高级后台开发工程师（北京）
上海,2019-02-18,21229-沙盒/生存类游戏运营经理（上海）
深圳,2019-02-18,CSIG02-腾讯云交付实施架构师（北京/上海/深圳）
广州,2019-02-18,WXG01-122 微信数据挖掘工程师（广州）
上海,2019-02-18,HGJ-Legal Counsel (Technology Transactions)
深圳,2019-02-18,28607-113 微信支付大数据应用开发高级工程师（深圳）
成都,2019-02-18,WXG10-117 企业微信iOS移动客户端开发工程师（成都）
上海,2019-02-18,21229-海外产品版本管理（上海）
上海,2019-02-18,21229-沙盒/生存类产品商业化策划（上海）
深圳,2019-02-18,23295-互娱内容平台产品经理（深圳）
深圳,2019-02-18,30628-腾讯广告开放平台服务端Java开发工程师（深圳）
深圳,2019-02-18,30620-腾讯广告排序算法研究员（微信广告 深圳）
深圳,2019-02-18,TEG03-大数据服务测试工程师（深圳）
深圳,2019-02-18,22989-腾讯云黑石交付架构师（深圳）
深圳,2019-02-18,29311-资深创意文案（深圳）
深圳,2019-02-18,30620-腾讯社交广告自然语言处理工程师（微信广告 深圳）
深圳,2019-02-18,22989-人工智能算法专家（NLP方向）（深圳/成都/上海/北京）
深圳,2019-02-18,30620-腾讯社交广告公众号广告产品经理（微信广告 深圳）
上海,2019-02-18,15573-新侠风MMORPG 3D场景美术设计师（上海）
深圳,2019-02-18,IEG-HRBP（深圳）
深圳,2019-02-18,28604-211 微信支付中小商户高级产品经理（深圳/广州）
深圳,2019-02-18,27087-青腾大学高级品牌公关经理
深圳,2019-02-18,28481-医疗应用开发高级工程师（深圳）
北京,2019-02-18,AQ-安全品牌经理（北京）
深圳,2019-02-18,PCG04-测试开发高级工程师（深圳）
上海,2019-02-18,15614-客户端高级工程师（上海）
深圳,2019-02-18,21527-腾讯音乐报表合并及分析经理岗位（深圳）
深圳,2019-02-18,18432-浮动收益产品运营经理
深圳,2019-02-18,28603-116 微信支付效能开发工程师（深圳）
上海,2019-02-18,19157-车联物联安全―固件/硬件安全研究员（上海）
广州,2019-02-18,22989-域名与DNS项目经理（广州）
深圳,2019-02-18,PCG15-数据产品专家
北京,2019-02-18,25668-区域市场经理（北京）
深圳,2019-02-18,22989-腾讯云容器高级产品经理（深圳）
深圳,2019-02-18,PCG09-信息流Web前端高级开发工程师
深圳,2019-02-18,30630-腾讯广告商业分析经理（竞品研究）（深圳/上海）
深圳,2019-02-18,25926-自然语言处理算法工程师（深圳）
深圳,2019-02-18,27092-商务合作拓展经理（深圳）
深圳,2019-02-18,22989-腾讯云网络研发方案架构师（深圳）（北京）
上海,2019-02-18,15573-SLG手游资深策划（上海）
北京,2019-02-18,CSIG16-自动驾驶仿真模拟系统-车辆动力学工程师（北京）
北京,2019-02-18,CSIG16-自动驾驶云平台虚拟化工程师（北京）
北京,2019-02-18,CSIG16-自动驾驶高精地图（工具研发）（北京)
深圳,2019-02-18,18402-国内刺激战场-本地化及商业化
深圳,2019-02-18,18428-区块链应用（高级）开发工程师（深圳）
上海,2019-02-18,21229-RPG高级产品运营（上海）
深圳,2019-02-18,TEG12-数据中心建筑设计师（深圳）
北京,2019-02-18,TEG11-点击率预估算法工程师（北京）
北京,2019-02-18,CSIG17-测试开发工程师（北京）
深圳,2019-02-18,TME-腾讯音乐Web质量测试工程师（深圳）
深圳,2019-02-18,15605-航海王IP动作游戏UE4客户端开发工程师（深圳）
广州,2019-02-18,WXG03-115 小程序 iOS 开发工程师（广州）
深圳,2019-02-18,30620-腾讯广告微信朋友圈产品运营经理（微信广告 深圳）
深圳,2019-02-18,PCG14-应用宝推荐架构后台开发（深圳）
深圳,2019-02-18,TEG03-数据挖掘工程师（深圳）
深圳,2019-02-18,29923-UI开发工程师（深圳）
深圳,2019-02-18,28481-医疗健康高级后台开发工程师（深圳）
北京,2019-02-18,CSIG07-云平台安全工程师（北京）
深圳,2019-02-18,28601-211 智慧零售时尚品牌行业运营经理 （深圳/上海）
深圳,2019-02-18,30360-内容安全产品运营经理
深圳,2019-02-18,28603-113 微信支付智慧营销开发工程师（深圳）
深圳,2019-02-18,27020-量子实验室后台开发工程师（深圳）
上海,2019-02-18,30629-腾讯广告高级公关传播经理（KA业务传播）
香港,2019-02-18,28605-321 微信境外支付高级区域经理（香港）
深圳,2019-02-18,PCG10-浏览器阅读产品运营-社区方向
北京,2019-02-18,22851-腾讯视频时尚节目制片人（北京）
北京,2019-02-18,PCG04-测试开发工程师（北京）
北京,2019-02-18,PCG04-腾讯新闻高级后台开发工程师（北京）
深圳,2019-02-18,30359-高级服务器开发工程师
上海,2019-02-18,25927-高级手游适配测试经理
深圳,2019-02-18,PCG14-自然语言处理研究员（深圳）
北京,2019-02-18,AQ-业务安全经理(北京)
深圳,2019-02-18,EC-高级web前端开发工程师（深圳）
深圳,2019-02-18,HY6-产品运营经理（深圳）
深圳,2019-02-18,21309-内容运营经理（深圳）
深圳,2019-02-18,TEG02-高级业务保障工程师（深圳）
深圳,2019-02-18,CSIG18-业务运维工程师（深圳）
深圳,2019-02-18,TEG10-IDC资源管理项目经理（深圳）
深圳,2019-02-18,TEG09-存储平台研发组长（深圳）
广州,2019-02-18,AQ-内容安全系统验证经理
深圳,2019-02-18,27192-互娱市场与用户研究经理（海外方向）（深圳）
深圳,2019-02-18,TEG09-推荐系统后台开发工程师（深圳）
深圳,2019-02-18,30359-大数据平台高级架构师（深圳）
深圳,2019-02-18,15605-火影手游服务器开发工程师（深圳）
深圳,2019-02-18,TEG12-海外数据中心经理（深圳）
北京,2019-02-18,22989-腾讯云数据库技术专家(北京/上海/深圳/成都)
深圳,2019-02-18,TME-全民K歌多媒体设计师（深圳）
上海,2019-02-18,21229-开放世界RPG欧美产品海外PM（上海）
北京,2019-02-18,19822-影视制片经理（北京）
上海,2019-02-18,21229-体育类游戏产品运营（上海）
北京,2019-02-18,24548-电视剧商业制片人
深圳,2019-02-18,30933- 高级游戏业务商业分析经理（海外市场）
北京,2019-02-18,25929-资深3D角色设计师（北京）
深圳,2019-02-18,FWZ-诉讼律师（深圳）
深圳,2019-02-18,"22989-Customer Service, Tencent Cloud"
深圳,2019-02-18,22989-腾讯云运营产品中心WEB前端开发工程师
北京,2019-02-18,25929-高级引擎图形开发工程师（北京）
上海,2019-02-18,18432-金融合作高级商务经理
北京,2019-02-18,23671-企鹅号策略产品经理（搜索方向）-北京
深圳,2019-02-18,22989-腾讯云英文客服
深圳,2019-02-18,18425-金融AI高级产品经理
深圳,2019-02-18,23486-证券产品策划经理
深圳,2019-02-18,PCG10-搜索C++后台开发工程师
深圳,2019-02-18,PCG10-搜索web开发工程师
北京,2019-02-18,CSIG16-自动驾驶DSP软件工程师
上海,2019-02-18,25421-绝地求生端游高级运营（上海）
深圳,2019-02-18,TME-全民K歌图形图像算法工程师（深圳）
深圳,2019-02-18,15570-端游客户端开发工程师（深圳）
深圳,2019-02-18,TME-QQ音乐粉丝社区运营经理（深圳）
深圳,2019-02-18,26699-智慧零售项目经理
深圳,2019-02-18,27443-高级基建管理经理（深圳）
上海,2019-02-18,19332-企点C++后台高级工程师（上海）
深圳,2019-02-18,TEG03-FPGA开发工程师（深圳）
深圳,2019-02-18,ZL-商业分析经理/副总监
深圳,2019-02-18,23292-互娱视觉设计师（深圳）
深圳,2019-02-18,21229-海外游戏商务经理（深圳）
深圳,2019-02-18,TME-腾讯音乐项目经理（深圳）
北京,2019-02-18,19823-动画番剧品质控制
深圳,2019-02-18,21309-高中数学教研教学老师（深圳）
深圳,2019-02-18,TEG10-云计算规划工程师（深圳）
深圳,2019-02-18,TME-腾讯音乐专项测试开发工程师（深圳）
北京,2019-02-18,CSIG16-腾讯地图客户端开发高级工程师（北京）
深圳,2019-02-18,21309-企鹅辅导社群运营经理
深圳,2019-02-18,22989-腾讯云售后技术支持工程师（视频云）（深圳）
北京,2019-02-18,21309-初高中英语教研教学老师（北京）
深圳,2019-02-18,PCG17-QQ手游高级产品策划（平台）（深圳）
深圳,2019-02-18,TME-音频算法工程师（深圳）
深圳,2019-02-18,21087-DNF端游数据分析（深圳）
深圳,2019-02-18,"TZ-Corporate Communication, Senior Consultant（深圳）"
深圳,2019-02-18,22989-BOM工程师
深圳,2019-02-18,25664-腾讯云政务民生架构师（北上广成）
广州,2019-02-18,CSIG08-大数据产品经理
深圳,2019-02-18,22989-NPI工程师
深圳,2019-02-18,CSIG17-车联网移动端测试开发工程师（深圳）
深圳,2019-02-18,23671-企鹅号策略高级产品经理（新热度方向）（深圳总部）
成都,2019-02-18,PCG10-浏览器功能应用Android开发工程师
北京,2019-02-18,23671-企鹅号策略产品经理（视频质量方向）-北京
深圳,2019-02-18,23517-策略规划经理
深圳,2019-02-18,PCG14-用户增长-算法研发高级工程师（深圳）
深圳,2019-02-18,21309-腾讯课堂-类目经理BD（深圳）
深圳,2019-02-18,25928-高级移动客户端开发工程师（深圳）
深圳,2019-02-18,TEG02-loRa网络研发工程师（深圳）
广州,2019-02-18,WXG01-117 微信客户端业务开发工程师-小游戏业务方向（广州）
深圳,2019-02-18,23295-互娱移动游戏社区运营经理（深圳）
深圳,2019-02-18,FWZ-诉讼律师（深圳）
北京,2019-02-18,AQ-数据安全研究合作经理（北京）
深圳,2019-02-18,18302-剑灵IP手游场景原画设计师（深圳）
深圳,2019-02-18,23294-互娱品牌组长（深圳）
深圳,2019-02-18,19823-动画电影表演设计（深圳）
深圳,2019-02-18,27730-短视频用户增长产品经理（深圳）
深圳,2019-02-18,21530-腾讯音乐HRBP（深圳）
深圳,2019-02-18,25926-机器学习算法高级工程师
深圳,2019-02-18,30620-腾讯广告网服行业运营经理（微信广告 深圳）
深圳,2019-02-18,21309-腾讯课堂设计培训类目经理（深圳）
深圳,2019-02-18,21309-IT类目经理（深圳）
北京,2019-02-18,30625-腾讯广告KA电商广告产品运营经理（北京）
深圳,2019-02-18,15605-航海王IP动作游戏资深UE4技术美术（深圳）
上海,2019-02-18,15573-乱世王者高级角色原画师（上海）
深圳,2019-02-18,27092-应用宝web前端开发工程师（深圳）
深圳,2019-02-18,TME-全民K歌直播内容运营（深圳）
成都,2019-02-18,25667-企点行业渠道销售经理（成都）
深圳,2019-02-18,PCG17-高级游戏运营
深圳,2019-02-18,31112-腾讯视频web前端开发工程师
上海,2019-02-18,30625-腾讯广告大客户京东业务广告策划经理
深圳,2019-02-18,PCG14-应用宝用户运营产品经理（深圳）
北京,2019-02-18,S2-CDG财务管理（北京）
深圳,2019-02-18,30630-腾讯广告商业分析（行业分析）（深圳/北京）
深圳,2019-02-18,30630-腾讯广告商业分析（流量分析）（深圳/上海）
深圳,2019-02-18,29912-短视频社区高级后台开发工程师
深圳,2019-02-18,GY0-后台开发工程师（深圳）
北京,2019-02-18,23671-企鹅号政务拓展运营
广州,2019-02-18,WXG10-211 企业微信产品运营经理（数据/增长，广州）
深圳,2019-02-18,29912-短视频移动端开发iOS
深圳,2019-02-18,24012-执行制片岗
深圳,2019-02-18,18796- 腾讯云游戏iOS高级开发工程师(深圳）
深圳,2019-02-18,25924-自然语言处理高级算法工程师（深圳）
北京,2019-02-18,22850-腾讯视频会员数据产品经理（北京）
深圳,2019-02-18,HY6-互娱后台开发工程师（深圳）
深圳,2019-02-18,30622-腾讯广告后台开发工程师（QQ广告 深圳）
深圳,2019-02-18,TEG03-实时平台组组长（深圳）
成都,2019-02-18,25927-移动游戏高级测试开发工程师（成都）
深圳,2019-02-18,WXG03-115 小程序 iOS 开发工程师（深圳）
深圳,2019-02-18,21229-内部合作运营支持（深圳）
深圳,2019-02-18,21309-企鹅辅导高级教研经理（深圳）
深圳,2019-02-18,HY6-互娱高级产品运营经理（深圳）
深圳,2019-02-18,25923-C++后台开发工程师（深圳）
上海,2019-02-18,15573-全球化SLG商业化策划(上海)
上海,2019-02-18,15573-《乱世王者》资深活动策划（上海）
深圳,2019-02-18,TEG02-网管系统后台开发工程师（深圳）
深圳,2019-02-18,21557-音视频实验室视频内核专家（深圳/北京/美国）
深圳,2019-02-18,20742-高级（专家级）概念原画设计师（深圳）
深圳,2019-02-18,PCG04-JAVA客户端开发（深圳）
深圳,2019-02-18,20742-资深（专家）游戏技术美术总监（深圳）
深圳,2019-02-18,15851-游戏研发项目管理（深圳）
深圳,2019-02-18,CSIG02-腾讯云旅游行业高级运营经理（深圳）
深圳,2019-02-18,18796-腾讯云游戏后台高级开发工程师(深圳）
深圳,2019-02-18,PCG14-商业数据产品经理（深圳）
成都,2019-02-18,CSIG17-大数据及AI测试工程师
深圳,2019-02-18,24012-新手游3D特效设计师
深圳,2019-02-18,15579-互娱项目管理经理(深圳)
深圳,2019-02-18,22989-域名与DNS高级运维工程师
深圳,2019-02-18,21309-深圳市腾讯教育科技有限公司3D多媒体设计师
深圳,2019-02-18,27092-Android客户端开发工程师（深圳）
深圳,2019-02-18,19511-高级游戏研究经理（深圳）
深圳,2019-02-18,WXG09-332 微信支付内容营销经理（深圳）
深圳,2019-02-18,TEG14-移动端C++开发工程师
深圳,2019-02-18,18402-ACT/ARPG手游商业化/本地化策划（深圳）
深圳,2019-02-18,26699-智慧零售生态运营经理（深圳）
北京,2019-02-18,CSIG16-车联网产品经理（车主服务&4S店新零售）
深圳,2019-02-18,28481-医疗健康UI开发工程师（深圳）
郑州,2019-02-18,HY6-内容营销方向市场推广经理（郑州）
深圳,2019-02-18,18402-手游商业化策划运营-ARPG/MMO品类（深圳）
深圳,2019-02-18,22850-腾讯视频会员数据分析工程师（深圳）
深圳,2019-02-18,20742-资深（专家）3D动画设计师（深圳）
深圳,2019-02-18,20742-高级（专家级）3D角色设计师（深圳）
深圳,2019-02-18,CSIG18-云集群技术架构师（深圳）
深圳,2019-02-18,18436-大数据开发高级工程师（深圳）
北京,2019-02-18,CSIG16-车联网大数据及算法产品经理
北京,2019-02-18,PCG19-腾讯视频Android开发工程师（北京）
上海,2019-02-18,19332-自然语言处理工程师（上海）
深圳,2019-02-18,TEG02-网络工程管理工程师（深圳）
深圳,2019-02-18,25927-游戏测试经理（深圳）
深圳,2019-02-18,EC-编程教育教师培训专员（深圳）
深圳,2019-02-18,HY3-虚拟偶像动画导演（深圳）
上海,2019-02-18,25666-华东区域销售总监/组长(上海)
深圳,2019-02-18,SHR-HRBP（深圳）
深圳,2019-02-18,21529-高级法律顾问
深圳,2019-02-18,27261-高级舆情研究员
北京,2019-02-18,CSIG16-地图检索机器学习算法高级研发工程师（北京）
深圳,2019-02-18,25666-腾讯云区域销售经理
北京,2019-02-18,23671-企鹅号视频内容分析高级算法工程师（北京）
深圳,2019-02-18,18432-信用卡高级产品运营经理
深圳,2019-02-18,25925-PC客户端开发工程师
深圳,2019-02-18,22989-大数据产品经理（深圳总部）
深圳,2019-02-18,29303-计算机视觉高级研究员（深圳）
深圳,2019-02-18,29912-内容策略产品
深圳,2019-02-18,28601-211 微信支付餐饮行业运营经理（深圳）
海口,2019-02-18,28481-腾讯互联网医院药剂师
海口,2019-02-18,28481-腾讯互联网医院主任医生
成都,2019-02-18,15575-《圣斗士星矢》高级动画设计师（成都）
深圳,2019-02-18,25666-交通行业销售（北京/上海/深圳）
深圳,2019-02-18,26699-智慧零售前端开发工程师（深圳）
上海,2019-02-18,21062-游戏音频设计师（上海）
北京,2019-02-18,CSIG16-腾讯地图产品经理（智能语音）
北京,2019-02-18,23674-新闻图像视频算法高级工程师
深圳,2019-02-18,TEG15-密码学信息安全工程师（深圳）
上海,2019-02-18,15618-3D场景设计师（上海）
深圳,2019-02-18,TEG02-PHP开发工程师（深圳）
深圳,2019-02-18,21530-腾讯音乐高级人力规划经理（深圳）
深圳,2019-02-18,22989-腾讯云资源成本数据运营（深圳）
广州,2019-02-18,WXG02-115 微信运营平台web前端工程师（广州）
深圳,2019-02-18,26563-Web前端开发工程师（深圳）
广州,2019-02-18,WXG02-113 微信后台高级工程师（广州）
深圳,2019-02-18,CSIG18-云安全Web前端开发工程师（深圳）
深圳,2019-02-18,28607-122 微信支付知识发现高级工程师（深圳）
上海,2019-02-18,15614-SLG手游3D特效设计师（上海）
深圳,2019-02-18,25926-后台开发工程师（深圳）
上海,2019-02-18,25927-先游高级产品经理（上海）
成都,2019-02-18,17759-腾讯视频安全平台产品经理
广州,2019-02-18,WXG02-113 微信监控平台后台开发工程师（广州）
深圳,2019-02-18,WXG02-133 微信小游戏高级运维工程师（广州/深圳）
深圳,2019-02-18,22989-服务器系统工程师（机型选型方向）
深圳,2019-02-18,TME-全民K歌web前端工程师（深圳）
深圳,2019-02-18,25927-测试leader（深圳）
深圳,2019-02-18,25923-Python高级工程师
深圳,2019-02-18,WXG08-511 微信事业群部门秘书（深圳）
深圳,2019-02-18,25666-腾讯云保险业KA销售（北京/上海/深圳） 
北京,2019-02-18,CSIG17-用户研究员
深圳,2019-02-18,25666-腾讯云互联网金融KA销售（北京/上海/深圳）
深圳,2019-02-18,25666-华南区域政府行业销售（长沙/厦门/深圳/广州/南昌）
深圳,2019-02-18,25666-华南区域泛互联网行业销售（深圳）
深圳,2019-02-18,22989-腾讯云弹性计算高级工程师（深圳总部）
上海,2019-02-18,25666-腾讯云华东区域销售（上海/河南/山东）
深圳,2019-02-18,22989-专有云高级前端web开发工程师
深圳,2019-02-18,28603-211 微信支付安全产品运营（深圳）
深圳,2019-02-18,TME-高级公关经理（深圳）
深圳,2019-02-18,22989-腾讯云Serverless产品架构师（深圳）
深圳,2019-02-18,29309-腾讯云生态内容运营经理（深圳）
深圳,2019-02-18,PCG09-信息流数据分析产品经理
深圳,2019-02-18,28601-微信支付运营商行业产品运营经理（深圳）
深圳,2019-02-18,28937-游戏高级音频策划（深圳）
北京,2019-02-18,30625-腾讯广告大客户业务广告策划经理
重庆,2019-02-18,TEG12-电气工程师（重庆）
深圳,2019-02-18,TEG12-平台运营经理（深圳）
深圳,2019-02-18,24491-王者荣耀全球版-手游资深特效设计师(深圳)
昆明,2019-02-18,26381-腾云后台工程师（合资公司编制-昆明）
深圳,2019-02-18,TEG07-Android开发工程师（深圳）
深圳,2019-02-18,PCG09-产品经理（策划）-综合功能类
深圳,2019-02-18,TEG02-网络管理平台资深架构师（深圳）
深圳,2019-02-18,TME-腾讯音乐音质检测与评估算法工程师（深圳）
杭州,2019-02-18,22989-工业云前端高级开发工程师
北京,2019-02-18,CSIG16-腾讯地图引擎定位与传感器研发工程师
深圳,2019-02-18,EC-教育创想业务视觉设计师（深圳）
深圳,2019-02-18,23293-互娱品牌经理（深圳）
深圳,2019-02-18,23295-腾讯电竞品牌经理（深圳）
深圳,2019-02-18,CSIG18-大数据实时计算平台研发工程师（深圳）
深圳,2019-02-18,CSIG18-高级Web前端开发工程师（深圳）
深圳,2019-02-18,27092-腾讯效果广告-高级商业产品经理（深圳）
贵阳,2019-02-18,25666-腾讯云西南区域销售（贵阳）
北京,2019-02-18,CSIG16-腾讯地图渲染引擎算法工程师
深圳,2019-02-18,28601-微信支付生活缴费商务拓展经理（深圳）
深圳,2019-02-18,18302-手游制作人
深圳,2019-02-18,28606-微信支付电子发票行业运营经理（深圳）
深圳,2019-02-18,28605-微信跨境支付区域运营经理（深圳）
深圳,2019-02-18,30628-腾讯广告效果衡量数据科学家（研发中心-深圳）
深圳,2019-02-18,30628-腾讯广告机器学习平台研究员（研发中心-深圳）
深圳,2019-02-18,27092-应用宝换量新增经理（深圳）
上海,2019-02-18,20503-智能设备嵌入式软件开发工程师
北京,2019-02-18,30628-腾讯广告算法工程师（研发中心-北京）
深圳,2019-02-18,22989-腾讯专有云高级产品运营经理（深圳）
上海,2019-02-18,15573-MMORPG手游2D场景原画设计师(上海)
深圳,2019-02-18,23873-投后管理经理
北京,2019-02-18,14914-高级公关经理
上海,2019-02-18,30624-腾讯广告消费品零售行业运营经理（上海）
深圳,2019-02-18,18402-MMORPG手游社区运营
呼和浩特,2019-02-18,25666-腾讯云华北区域销售（陕西、甘肃、青海、宁夏、新疆、内蒙古)
乌鲁木齐,2019-02-18,25666-腾讯云华北区域销售（陕西、甘肃、青海、宁夏、新疆、内蒙古)
深圳,2019-02-18,25925-运营开发工程师（深圳）
大连,2019-02-18,25666-腾讯云华北区域销售（大连、哈尔滨、沈阳、长春）
南宁,2019-02-18,25666-腾讯云西南区域销售（广西）
深圳,2019-02-18,24491-资深角色原画设计师(深圳)
上海,2019-02-18,30361-深度学习（图像处理）研发工程师（上海）
雄安新区,2019-02-18,25666-腾讯云华北区域销售(北京、雄安、天津、山西、河北）
深圳,2019-02-18,HY6-互娱区域媒介经理（深圳）
广州,2019-02-18,WXG08-212 微信看一看产品策划经理（广州）
深圳,2019-02-18,TEG06-高级应用开发工程师（java/node/golang）(深圳)
深圳,2019-02-18,28936-高级移动游戏平台渠道经理（深圳）
深圳,2019-02-18,TEG02-高级网络运营工程师DC（深圳）
深圳,2019-02-18,TEG02-网络运营架构师（深圳）
深圳,2019-02-18,TEG02-网络管控系统后台开发工程师（深圳）
深圳,2019-02-18,25667-运营商渠道销售
深圳,2019-02-18,22989-腾讯云中间件产品架构师（深圳）
深圳,2019-02-18,TEG02-后台开发工程师（深圳）
深圳,2019-02-18,27193-互娱创意指导（深圳）
深圳,2019-02-18,25924-Web高级开发工程师
成都,2019-02-18,PCG10-前端开发工程师（成都）
深圳,2019-02-18,AQ-游戏业务安全经理（深圳）
北京,2019-02-18,CSIG02-腾讯智慧教育数据产品经理(北京)
上海,2019-02-18,25929-执行制作人（上海）
深圳,2019-02-18,27192-互娱用研项目经理
香港,2019-02-18,"GY0-Regional Director (Cloud Solutions) - HK, Macau & TW"
深圳,2019-02-18,25666-腾讯云智能终端行业商务拓展（深圳/北京）
深圳,2019-02-18,26833-组织发展经理（深圳）
深圳,2019-02-18,22989-腾讯云高级运营开发工程师（深圳）
深圳,2019-02-18,18434-web前端工程师
深圳,2019-02-18,TME-全民K歌社区产品策划
深圳,2019-02-18,21062-移动游戏高级后台开发工程师（深圳）
深圳,2019-02-18,PCG10-PCG搜索算法工程师（召回层）
深圳,2019-02-18,21087-DNF手游社区与用户运营（深圳）
深圳,2019-02-18,21090-内容运营
北京,2019-02-18,22989-云服务开发工程师（NLP方向）（北京）
深圳,2019-02-18,22989-腾讯云电销经理管理岗（深圳）
深圳,2019-02-18,TEG02-运营质量工程师（深圳）
深圳,2019-02-18,AQ-业务安全经理（深圳）
北京,2019-02-18,22850-腾讯视频商业分析
深圳,2019-02-18,PCG04-资深运营开发工程师（深圳）
上海,2019-02-18,25924-互娱游戏网站运维工程师（上海）
深圳,2019-02-18,CSIG18-移动安全高级工程师
广州,2019-02-18,WXG02-134 微信运营优化分析工程师（广州）
深圳,2019-02-18,27092-应用宝商业化后台开发（深圳）
北京,2019-02-18,25663-金融云证券行业售前架构师（北京）
上海,2019-02-18,25928-高级图形开发Leader
深圳,2019-02-18,22989-腾讯云运营系统开发工程师（深圳）
深圳,2019-02-18,18434-高级视觉设计师（深圳）
深圳,2019-02-18,TEG02-海外网络运营工程师（深圳）
深圳,2019-02-18,28601-211 微信支付虚拟行业运营经理（深圳）
深圳,2019-02-18,25663-金融售中架构师（专有云和大数据方向）（北/上/深））
上海,2019-02-18,PCG04-天天P图系统测试工程师（上海）
深圳,2019-02-18,22989-数据建模师（深圳）
上海,2019-02-18,19157-政府安全合作项目技术咨询经理（上海）
深圳,2019-02-18,15851-游戏iOS高级开发工程师（深圳）
深圳,2019-02-18,15851-游戏人工智能研究员（深圳）
深圳,2019-02-18,15851-游戏引擎开发工程师Senior Engine Programmer
上海,2019-02-18,22989-腾讯云售中运营工程师（北京/上海/深圳/成都）（上海）
深圳,2019-02-18,18796-产品策略分析经理(深圳）
北京,2019-02-18,22989-技术支持工程师（北京/上海/深圳/成都）（北京）
成都,2019-02-18,22989-技术支持工程师（北京/上海/深圳/成都）（成都）
深圳,2019-02-18,22989-腾讯云售中运营工程师（北京/上海/深圳/成都）（深圳总部）
北京,2019-02-18,22989-腾讯云项目管理高级工程师（北京/上海/深圳/成都）（北京）
成都,2019-02-18,22989-腾讯云项目管理高级工程师（北京/上海/深圳/成都）（成都）
深圳,2019-02-18,TME-腾讯音乐全民K歌品牌运营设计师（深圳）
深圳,2019-02-18,28603-114 微信支付应用开发工程师（深圳）
上海,2019-02-18,CSIG16-车联网商务经理（4S店拓展）
深圳,2019-02-18,22989-腾讯云区域高级项目经理（北京/上海/深圳/成都）（深圳总部）
上海,2019-02-18,22989-腾讯云区域高级项目经理（北京/上海/深圳/成都）（上海）
深圳,2019-02-18,25929-互娱沙盒类手游客户端开发（深圳）
深圳,2019-02-18,21309-在线教育高级后台开发工程师（深圳）
上海,2019-02-18,24987-技术动画（上海）
上海,2019-02-18,27193-互娱动画多媒体设计师（上海）
深圳,2019-02-18,27216-乘车码及智慧交通商业化策划
深圳,2019-02-18,18427-理财通视觉设计师
深圳,2019-02-18,TEG05-Windows安全开发工程师（深圳）
深圳,2019-02-18,TEG13-数据挖掘工程师（深圳）
深圳,2019-02-18,18428-金融（银行）业务系统架构师
深圳,2019-02-18,23518-内容规划经理（深圳）
深圳,2019-02-18,TA-领导力培训经理（深圳）
北京,2019-02-18,23671-企鹅号大数据研发工程师
北京,2019-02-18,14914-战略媒体管理公关经理（北京/深圳）
成都,2019-02-18,15575-《王者荣耀》高级客户端开发工程师（成都）
深圳,2019-02-18,25923-大数据研发工程师（深圳）
广州,2019-02-18,WXG10-411 企业邮箱UI视觉设计师（广州）
广州,2019-02-18,14376-政府关系经理（广州）
深圳,2019-02-18,15851-游戏GPU系统工程师(深圳)
北京,2019-02-18,CSIG15-叮当闲聊算法研究员
深圳,2019-02-18,22989-腾讯云存储COS后台研发工程师（深圳）
深圳,2019-02-18,22989-腾讯云区域运营高级经理（深圳/北京）
深圳,2019-02-18,22989-腾讯云区域培训经理（北京/上海/深圳/成都）（深圳总部）
上海,2019-02-18,22989-腾讯云区域培训经理（北京/上海/深圳/成都）（上海）
北京,2019-02-18,PCG22-用户增长专家
深圳,2019-02-18,21309-腾讯课堂IT互联网类目经理（高校/企业渠道扩展方向）
深圳,2019-02-18,21309-腾讯课堂产品运营组组长或副组长
深圳,2019-02-18,18402-RPG手游市场运营
深圳,2019-02-18,18402-RPG手游活动策划
深圳,2019-02-18,28297-（高级）战略分析经理
深圳,2019-02-18,23671-企鹅号数据挖掘工程师（深圳）
深圳,2019-02-18,28302-Start云游戏Android高级开发工程师 
深圳,2019-02-18,18402-RPG手游本地化策划（深圳）
深圳,2019-02-18,22989-腾讯云高级产品经理-MBA
重庆,2019-02-18,25666-腾讯云西南区域销售（重庆）
深圳,2019-02-18,26563-PC客户端开发工程师(深圳）
深圳,2019-02-18,25923-弹性计算研发工程师（深圳）
深圳,2019-02-18,PCG09-内容中台图像研究员
深圳,2019-02-18,25669-腾讯云合作运营经理（深圳）
深圳,2019-02-18,25923-高级运维开发工程师（深圳）
深圳,2019-02-18,28605-212 微信境外支付产品策划经理（深圳）
深圳,2019-02-18,23293-互娱品牌经理（棋牌类）
深圳,2019-02-18,PCG04-工程效率改进经理（深圳）
深圳,2019-02-18,18432-供应链金融证券化产品经理
深圳,2019-02-18,TEG15-数据库研发高级工程师（深圳）
深圳,2019-02-18,27193-互娱文案指导（深圳）
深圳,2019-02-18,22989-人工智能产品运营经理（深圳/成都/上海/北京）
北京,2019-02-18,15612-游戏运营（社区与内容运营）（北京）
深圳,2019-02-18,TME-全民K歌平台基础后台工程师(深圳）
深圳,2019-02-18,TEG15-数据挖掘工程师（深圳）
深圳,2019-02-18,TEG13-数据挖掘算法工程师（深圳）
北京,2019-02-18,WXG08-111 微信搜索推荐数据分析工程师（北京）
深圳,2019-02-18,30621-腾讯社交广告算法工程师（新闻视频广告 深圳）
上海,2019-02-18,25927-自动化测试架构师（上海）
深圳,2019-02-18,GY0-产品运营经理（深圳）
深圳,2019-02-18,WXG01-117 微信Android开发工程师（深圳）
深圳,2019-02-18,15605-手游2D场景原画设计师（深圳）
深圳,2019-02-18,PCG10-浏览器后台开发（用户增长）
北京,2019-02-18,30628-腾讯广告大数据后台工程师（研发中心 北京）
深圳,2019-02-18,22989-物联网终端Android高级开发工程师
深圳,2019-02-18,22989-腾讯云市场内容运营产品经理（深圳）
深圳,2019-02-18,22989-腾讯云行业架构师（北京/上海/深圳/成都）（深圳总部）
上海,2019-02-18,22989-腾讯云行业架构师（北京/上海/深圳/成都）（上海）
深圳,2019-02-18,22989-腾讯云经营分析师（深圳）
深圳,2019-02-18,22989-腾讯云电销业务项目经理（深圳）
北京,2019-02-18,22989-腾讯云区域架构师（北京/上海/深圳/成都）（北京）
深圳,2019-02-18,18427-理财通后台开发工程师
深圳,2019-02-18,18427-理财通后台开发工程师
深圳,2019-02-18,28481-高级3D及特效美术（深圳）
深圳,2019-02-18,TEG09-云数据库高级研发工程师
深圳,2019-02-18,TEG09-云存储研发工程师
广州,2019-02-18,25664-数字广东web前端工程师（广州）
深圳,2019-02-18,21089-英雄联盟 海外PM（深圳）
深圳,2019-02-18,30627-腾讯广告SMB自媒体行业经理（深圳）
深圳,2019-02-18,CSIG18-业务运营成本规划
广州,2019-02-18,WXG03-113 微信开放平台行业后台开发工程师（广州）
深圳,2019-02-18,TEG03-高级爬虫工程师（深圳）
深圳,2019-02-18,26563-战略发展经理（深圳）
北京,2019-02-18,CSIG16-LBS数据优化产品经理（北京）
深圳,2019-02-18,25669-腾讯云行业策略规划岗（深圳）
深圳,2019-02-18,21089-本地化游戏策划（深圳）
深圳,2019-02-18,ZSC-标准专利工程师
深圳,2019-02-18,ZSC-专利工程师（日本方向）
深圳,2019-02-18,S2-国际业务财务管理（深圳）
深圳,2019-02-18,25928-后台开发高级工程师（深圳）
深圳,2019-02-18,25925-大客户管家（深圳）
深圳,2019-02-18,25928-分布式机器学习系统高级工程师
北京,2019-02-18,CSIG16-地图大数据挖掘工程师
上海,2019-02-18,20503-优图专项测试工程师（上海）
上海,2019-02-18,19332-企点客户端高级开发工程师（上海）
深圳,2019-02-18,25928-客户端开发高级工程师（深圳）
上海,2019-02-18,25668-企点市场经理（上海）
上海,2019-02-18,25924-运营开发工程师（上海）
广州,2019-02-18,25664-技术运营工程师（数字政府建设中心）
深圳,2019-02-18,PCG04-短视频高级后台开发工程师（深圳）
深圳,2019-02-18,21087-手游数据分析（深圳）
深圳,2019-02-18,22989-腾讯云售前架构师总监（深圳）
深圳,2019-02-18,30628-腾讯广告自然语言处理研究员（研发中心-深圳）
深圳,2019-02-18,21529-合规法务
深圳,2019-02-18,PCG04-短视频高级Android开发工程师（深圳）
深圳,2019-02-18,23671-企鹅号海外内容产品/内容运营leader（短视频内容合作）
深圳,2019-02-18,22989-数据产品总监
深圳,2019-02-18,28481-医疗大数据产品经理（深圳）
深圳,2019-02-18,23671-企鹅号数据产品经理（深圳）
北京,2019-02-18,23671-企鹅号海外内容产品/内容运营（短视频内容合作）（北京）
深圳,2019-02-18,29315-HRBP（深圳）
深圳,2019-02-18,25928-高级移动客户端开发工程师（深圳）
深圳,2019-02-18,TEG11-AI后台开发工程师（深圳）
广州,2019-02-18,WXG03-211 公众平台产品运营（广州）
广州,2019-02-18,WXG03-211小程序数据分析（广州）
深圳,2019-02-18,27216-数据分析建模高级工程师（深圳）
深圳,2019-02-18,CSIG07-交互设计（深圳）
深圳,2019-02-18,25663-腾讯云海外架构师（北京/上海/深圳）
北京,2019-02-18,TEG11-高级后台开发工程师（北京）
深圳,2019-02-18,25924-数据分析高级产品经理BI（深圳）
深圳,2019-02-18,28601-321 微信支付交通行业商务拓展经理（深圳）
深圳,2019-02-18,22989-腾讯云运营开发（深圳）
上海,2019-02-18,15575-资深后台开发工程师（上海）
上海,2019-02-18,15575-高级游戏美术3D特效设计师（上海）
北京,2019-02-18,PCG09-商业分析师（北京）
北京,2019-02-18,22851-腾讯视频音乐频道运营编辑（北京）
深圳,2019-02-18,PCG10-PCG搜索算法工程师（排序层）
深圳,2019-02-18,30620-腾讯社交广告本地服务行业运营经理（微信广告 深圳）
深圳,2019-02-18,27092-手游助手前端开发工程师（深圳）
北京,2019-02-18,17759-腾讯视频会员渠道精细化运营经理
北京,2019-02-18,23671-企鹅号定制服务产品运营（北京）
深圳,2019-02-18,TEG17-医学AI算法研究员（深圳）
深圳,2019-02-18,CSIG18-大数据实时平台研发工程师（深圳）
北京,2019-02-18,27730-短视频产品数据研发工程师（北京）
深圳,2019-02-18,28481-药学应用经理
深圳,2019-02-18,28481-觅影医学NLP研究员
深圳,2019-02-18,30620-腾讯广告高级后台开发工程师（微信广告 深圳）
北京,2019-02-18,20772-企鹅影视电视剧文学策划
深圳,2019-02-18,PCG09-看点用户增长产品策划经理（深圳）
广州,2019-02-18,25664-政务应用交付架构师
北京,2019-02-18,20772-企鹅影视电影/网络电影文学策划
深圳,2019-02-18,23516-资深手游渠道运营经理
深圳,2019-02-18,TME-腾讯音乐媒介商务合作经理（深圳）
深圳,2019-02-18,PCG10-知识图谱算法工程师
深圳,2019-02-18,23874-游戏评测方向游戏策划（深圳）
上海,2019-02-18,15575-高级客户端开发工程师（上海）
深圳,2019-02-18,27193-互娱Web前端多媒体互动开发工程师（深圳）
深圳,2019-02-18,23295-互娱数据营销平台DMP后台开发工程师（深圳）
深圳,2019-02-18,27092-应用宝高级算法工程师（深圳）
广州,2019-02-18,WXG02-116 微信小程序专项测试工程师（广州）
北京,2019-02-18,CSIG02-腾讯智慧教育后台研发工程师（北京）
深圳,2019-02-18,28600-211 微信支付服务商发展及政策分析经理（深圳）
北京,2019-02-18,30627-腾讯广告SMB婚纱行业运营经理（北京）
深圳,2019-02-18,25928-分布式数据库系统研发高级工程师
深圳,2019-02-18,25664-集成/交付类交付项目经理（深圳）
上海,2019-02-18,19332-企点产品高级产品经理（上海）
深圳,2019-02-18,25664-腾讯云政府生态合作经理（深圳、北京）
深圳,2019-02-18,25664-服务合作伙伴管理经理（深圳）
深圳,2019-02-18,28297-RTS手游本地化策划
深圳,2019-02-18,23294-互娱粉丝运营经理（深圳）
深圳,2019-02-18,28607-113 微信支付大数据平台开发工程师（深圳）
北京,2019-02-18,29315-HRBP（北京）
北京,2019-02-18,17467-市场部娱乐营销拓展（北京）
深圳,2019-02-18,TME-音兔Android开发工程师
深圳,2019-02-18,TME-全民K歌平台产品后台工程师
上海,2019-02-18,15575-资深系统策划（上海）
深圳,2019-02-18,HY-互娱政务方向高级资源拓展经理（深圳）
深圳,2019-02-18,CSIG07-大数据可视化linux C++工程师
北京,2019-02-18,30623-腾讯社交广告联盟后台功能策略开发高级工程师（北京）
深圳,2019-02-18,TME-QQ音乐商业化产品策划（深圳）
深圳,2019-02-18,23872-游戏研究岗
北京,2019-02-18,23675-UGC产品运营
深圳,2019-02-18,TME-全民K歌国际版Android开发工程师
深圳,2019-02-18,TME-全民K歌Android开发工程师
深圳,2019-02-18,TEG06-VIP桌面支持工程师（深圳）
深圳,2019-02-18,30360-QQ小程序-Web前端开发工程师
深圳,2019-02-18,27092-应用宝高级商业产品经理/商业产品经理（深圳）
深圳,2019-02-18,29923-动效视觉设计师
深圳,2019-02-18,TME-全民K歌iOS开发工程师（深圳）
深圳,2019-02-18,TME-全民K歌Android开发工程师（深圳）
深圳,2019-02-18,30620-腾讯广告质量与风控产品经理(微信广告 深圳)
广州,2019-02-18,WXG02-113 微信安全后台开发工程师（广州）
深圳,2019-02-18,25928-AI客户端开发工程师 (深圳)
上海,2019-02-18,19332-数据挖掘组leader（上海）
深圳,2019-02-18,TEG03-广告推荐运维工程师（深圳）
深圳,2019-02-18,CSIG07-推荐系统架构师
深圳,2019-02-18,22989-腾讯云大数据应用高级产品经理（深圳）
北京,2019-02-18,CSIG16-地图数据Web前端研发工程师
深圳,2019-02-18,30360-QQ空间产品运营经理
韩国,2019-02-18,25663-腾讯云游戏解决方案架构师（海外）
深圳,2019-02-18,CSIG07-系统架构师后台开发工程师
深圳,2019-02-18,TEG01-自然语言处理工程师（深圳）
深圳,2019-02-18,25923-游戏云存储数据库开发工程师（深圳）
广州,2019-02-18,WXG02-113 微信分布式架构后台工程师（广州）
广州,2019-02-18,WXG02-113 微信后台开发工程师（广州）
广州,2019-02-18,WXG08-122 微信翻译算法工程师（广州）
深圳,2019-02-18,23516-游戏运营数据分析（深圳）
北京,2019-02-18,30624-腾讯广告地产行业广告销售经理
深圳,2019-02-18,22989-腾讯云To B流程建设负责人/Leader
深圳,2019-02-18,22989-视频云后台开发工程师
深圳,2019-02-18,25928-web前端开发工程师
广州,2019-02-18,WXG02-133 微信小程序运维工程师（广州）
广州,2019-02-18,WXG02-133 微信看一看运维工程师（广州）
深圳,2019-02-18,WXG02-133 微信支付运维工程师（深圳）
上海,2019-02-18,24987-FPS游戏运营活动策划
上海,2019-02-18,21229-开放世界RPG欧美产品运营（上海）
深圳,2019-02-18,TEG06-云计算网络工程师（深圳）
深圳,2019-02-18,29912-增长产品运营
深圳,2019-02-18,26832-雇主品牌AE岗位
深圳,2019-02-18,18302-动作类资深3D关卡设计师（深圳）
深圳,2019-02-18,18302-动作类手游资深3D特效设计师（深圳）
深圳,2019-02-18,28603-117 微信支付基础支付跨平台开发工程师（深圳）
广州,2019-02-18,CSIG08-IOS开发工程师（腾讯WiFi管家）
北京,2019-02-18,17759-腾讯视频移动端渠道拓展经理
深圳,2019-02-18,28604-114 微信支付商户应用开发工程师（深圳）
深圳,2019-02-18,18302-动作类资深3D关卡设计师（深圳）
深圳,2019-02-18,22989-专有云平台运维工程师（深圳/北京/上海）
深圳,2019-02-18,WXG01-117 微信移动客户端开发（深圳）
广州,2019-02-18,WXG02-153 微信质量管理工程师（运营QA）（ 广州/深圳）
深圳,2019-02-18,22989-物联网后台高级工程师（深圳/上海）
深圳,2019-02-18,22989-专有云网络运维工程师（深圳/北京/上海）
深圳,2019-02-18,CSIG18-人工智能研究员（深圳）
深圳,2019-02-18,CSIG17-测试开发高级工程师
深圳,2019-02-18,23295-互娱游戏品牌合作经理（深圳）
上海,2019-02-18,21229-Android资深研发工程师（上海）
深圳,2019-02-18,22989-专有云数据库运维工程师（深圳/北京/上海）
深圳,2019-02-18,29050-CII产品合规经理
太原,2019-02-18,HY6-互娱内容营销方向市场推广经理（太原）
深圳,2019-02-18,18796-专项技术测试(深圳）
深圳,2019-02-18,AQ-司法协作经理（深圳）
深圳,2019-02-18,25669-腾讯云社群运营经理（深圳）
深圳,2019-02-18,18302-UE4大世界ARPG手游资深TA（深圳）
上海,2019-02-18,15616-手游客户端开发工程师（上海）
深圳,2019-02-18,25923-视觉交互设计师（深圳）
深圳,2019-02-18,29777-腾讯云交通行业高级产品经理（深圳）
成都,2019-02-18,CSIG15-自然语言研究员
深圳,2019-02-18,PCG04-高级测试开发工程师（深圳）
深圳,2019-02-18,29050-跨境安全经理/专家
深圳,2019-02-18,29050-CII政策发展经理
深圳,2019-02-18,21530-腾讯音乐企业传讯总监（深圳）
深圳,2019-02-18,TB-投资运营经理（增值服务）
深圳,2019-02-18,PCG10-NLP/CV算法工程师
北京,2019-02-18,CSIG15-自然语言处理研究员（北京）
深圳,2019-02-18,WXG04-212 微信游戏中心高级产品策划（深圳）
深圳,2019-02-18,PCG04-安全测试专家（后台服务/客户端）
上海,2019-02-18,24547-Web前端开发工程师
深圳,2019-02-18,15581-游戏后台开发（深圳）
北京,2019-02-18,30625-腾讯广告KA网服销售经理（北京）
美国,2019-02-18,TEG02- 光网络控制系统高级研发工程师
深圳,2019-02-18,28994-腾讯区块链电子发票产品经理(深圳)
深圳,2019-02-18,25663-游戏服务平台后台开发高级工程师（深圳）
深圳,2019-02-18,21226-游戏发行制作人（深圳）
深圳,2019-02-18,TME-全民K歌产品运营策划（深圳）
深圳,2019-02-18,HY6-互娱运营开发工程师（深圳）
深圳,2019-02-18,16175-日本商业化策划（深圳）
深圳,2019-02-18,WXG09-332 微信支付高级品牌经理（深圳）
北京,2019-02-18,CSIG16-地图大数据实验室算法工程师
上海,2019-02-18,25924-视频图像算法高级研究员（上海）
北京,2019-02-18,22989-数据库产品运营经理
深圳,2019-02-18,22989-腾讯云PAAS产品中心web前端开发（深圳）
深圳,2019-02-18,22989-腾讯云UI开发工程师（深圳）
深圳,2019-02-18,25923-海外游戏技术运营工程师（深圳）
成都,2019-02-18,15575-《王者荣耀》资深美术宣传图原画设计师（成都）
深圳,2019-02-18,22989-大数据和人工智能交付架构师（北京/深圳）
深圳,2019-02-18,28603-116 微信支付架构治理开发工程师（深圳）
上海,2019-02-18,16265-高级引擎图形程序员 Graphics Programmer
成都,2019-02-18,22989-腾讯云大客户售后团队Leader/技术专家(上海/成都/深圳/北京)（成都）
上海,2019-02-18,22989-腾讯云大客户售后团队Leader/技术专家(上海/成都/深圳/北京)（上海）
深圳,2019-02-18,TME-腾讯音乐音频机器学习算法工程师（深圳）
深圳,2019-02-18,TME-音乐分析及搜索算法工程师（深圳）
深圳,2019-02-18,TME-歌声算法工程师（深圳）
上海,2019-02-18,15614-UE4手游客户端开发（上海）
深圳,2019-02-18,22989-腾讯云资源管理规划工程师（深圳）
深圳,2019-02-18,22989-高级Linux内核/虚拟化运维工程师（深圳）
上海,2019-02-18,25666-游戏云KA sales
深圳,2019-02-18,18427-理财通开发工程师
深圳,2019-02-18,14914-社交网络事业群公关经理（深圳）
深圳,2019-02-18,TME-全民K歌直播活动运营（深圳）
上海,2019-02-18,15614-天刀手游商业化运营（上海）
广州,2019-02-18,WXG10-212 企业微信私有化版产品策划经理（广州）
深圳,2019-02-18,30360-QQ空间独立版产品策划经理（深圳）
深圳,2019-02-18,27092-应用宝二次元游戏用户运营（深圳）
深圳,2019-02-18,27092-内容商业化产品经理/高级产品经理
深圳,2019-02-18,TEG04-知识管理产品Web前端开发（深圳）
深圳,2019-02-18,30360-QQ空间短视频产品策划经理
深圳,2019-02-18,30360-社交平台QQ-Android开发工程师（深圳）
成都,2019-02-18,29310-智慧零售后台研发工程师（成都）
深圳,2019-02-18,25924-后台开发工程师（深圳）
北京,2019-02-18,WXG08-122 微信搜索机器学习算法工程师（北京）
深圳,2019-02-18,14173-组织能力专家（深圳/上海/北京）
深圳,2019-02-18,TEG05-Linux后台开发工程师（深圳）
成都,2019-02-18,CD-安全经理（成都）
深圳,2019-02-18,30627-腾讯广告SMB渠道运营经理
深圳,2019-02-18,28936-移动游戏运营协调组长（深圳）
深圳,2019-02-18,28604-212 微信支付用户粘性产品策划经理（深圳）
深圳,2019-02-18,22989-腾讯云渠道管理系统高级产品经理（深圳）
深圳,2019-02-18,HY6-互娱市场策划与推广经理（深圳）
深圳,2019-02-18,21309-在线教育-UI设计师（深圳）
深圳,2019-02-18,30627-腾讯广告营销线/SMB产品运营经理
深圳,2019-02-18,21527-腾讯音乐风险管理及内部控制分析师（深圳）
深圳,2019-02-18,28604-212 微信买单服务商产品策划经理（深圳）
北京,2019-02-18,CSIG15-翻译君产品经理
深圳,2019-02-18,25668-腾讯云精细化营销高级市场经理（深圳）
深圳,2019-02-18,15581-欢乐麻将运营策划（深圳）
北京,2019-02-18,23671-企鹅号算法leader-图像识别（北京）
深圳,2019-02-18,29311-CSIG-医疗健康高级品牌经理（深圳）
上海,2019-02-18,21229-游戏后台开发（上海）
深圳,2019-02-18,15570-MMO+FPS手游高级引擎开发工程师（深圳）
深圳,2019-02-18,TME-腾讯音乐音频算法工程师（深圳）
深圳,2019-02-18,19881-《王者荣耀》社区内容运营
香港,2019-02-18,"HGJ-Senior Legal Counsel, Tencent, HK M&A and Capital Markets（Hong Kong）"
广州,2019-02-18,28603-113 微信支付核心支付开发工程师(广州)
深圳,2019-02-18,18302-新动作手游高级文学策划（深圳）
深圳,2019-02-18,30933-游戏技术美术TA（深圳）
深圳,2019-02-18,PCG17-高级产品运营
深圳,2019-02-18,9615-CDG高级秘书（深圳）
上海,2019-02-18,30628-腾讯广告数据挖掘与算法工程师（上海）
深圳,2019-02-18,25928-GCloud游戏云平台高级技术PM
深圳,2019-02-18,15612-3D角色设计师（深圳）
深圳,2019-02-18,15612-3D动作设计师（深圳）
深圳,2019-02-18,25924-大数据平台开发工程师（深圳）
广州,2019-02-18,22989-腾讯云布道师（深圳/广州）
上海,2019-02-18,30624-腾讯广告KA客户销售经理
成都,2019-02-18,WXG10-117 企业微信Android客户端开发工程师（成都）
深圳,2019-02-18,28601-114 微信支付行业全栈开发工程师
深圳,2019-02-18,22989-腾讯云平台后台开发工程师（深圳）
深圳,2019-02-18,25925-数据工具研发工程师（深圳）
深圳,2019-02-18,PCG09-内容中台自然语言处理研究员
广州,2019-02-18,WXG03-211 小程序数据产品经理（广州）
深圳,2019-02-18,S2-FIT财务管理（深圳）
深圳,2019-02-18,18425-境外资金渠道产品经理
北京,2019-02-18,23674-新闻内容理解高级工程师
深圳,2019-02-18,PCG09-高级内容后台开发工程师（深圳）
深圳,2019-02-18,25663-金融云产品经理（深圳）
深圳,2019-02-18,28603-113 微信支付核心支付开发工程师(深圳)
深圳,2019-02-18,18796-iOS App开发工程师(深圳）
深圳,2019-02-18,30360-社交平台iOS开发工程师（深圳）
深圳,2019-02-18,15612-3D特效组长（深圳）
深圳,2019-02-18,PCG09-浏览器信息流项目经理
北京,2019-02-18,27730-Yoo视频产品经理（深圳）
北京,2019-02-18,23674-推荐引擎机器学习后台开发高级工程师
深圳,2019-02-18,TEG02-物联网平台后台开发工程师（深圳）
深圳,2019-02-18,22989-腾讯云大数据产品高级咨询顾问（深圳北京）
印度尼西亚,2019-02-18,GY0-Community & Digital Manager (Indonesia)
北京,2019-02-18,23674-push插件开发工程师
北京,2019-02-18,23674-推荐引擎开发工程师（北京）
北京,2019-02-18,23674-新闻Web前端开发高级工程师（北京）
深圳,2019-02-18,25663-腾讯云泛互联网后台开发高级工程师
深圳,2019-02-18,26563-后台开发工程师(深圳）
北京,2019-02-18,29313-会计（项目合约制）（北京）
北京,2019-02-18,30361-企鹅FM小说版权运营
深圳,2019-02-18,PCG10-腾讯文件云服务后台开发工程师
深圳,2019-02-18,WH-企业文化专家（深圳）
深圳,2019-02-18,22989-腾讯云硬件项目经理
深圳,2019-02-18,TEG04-智慧校园产品高级售前工程师（深圳）
深圳,2019-02-18,23486-证券产品前端开发
深圳,2019-02-18,TEG02-物联网平台前端开发工程师（深圳）
深圳,2019-02-18,TEG02-物联网平台架构工程师（深圳）
深圳,2019-02-18,TEG02-物联网无线网架构与规划工程师
深圳,2019-02-18,TEG05-高级数据挖掘工程师（深圳）
上海,2019-02-18,15614-天刀3D游戏动画设计师（上海）
深圳,2019-02-18,26563-游戏平台运营（深圳）
深圳,2019-02-18,26563-游戏社区运营
北京,2019-02-18,25663-腾讯云高级后台开发(互联网业务)（北京）
北京,2019-02-18,22989-CSIG12-数据库产品经理（成都/深圳/北京）
深圳,2019-02-18,22989-web前端开发工程师（深圳/上海）
北京,2019-02-18,30624-腾讯广告行业大客户销售经理
上海,2019-02-18,26563-游戏社区运营
上海,2019-02-18,24012-影视视觉美术（上海）
深圳,2019-02-18,TEG09-视频AI处理资深工程师（深圳）
深圳,2019-02-18,22989-资深算法工程师
深圳,2019-02-18,30359-C/C++高级后台开发工程师
深圳,2019-02-18,15605-高级3D动画设计师(深圳)
深圳,2019-02-18,22989-腾讯云计费平台高级产品经理(深圳)
深圳,2019-02-18,17467-社会化营销经理
深圳,2019-02-18,17467-泛娱乐艺人商务拓展
北京,2019-02-18,15612-高级技术美术(北京)
深圳,2019-02-18,22989-金融算法专家
深圳,2019-02-18,CSIG17-高级测试工程师（深圳）
深圳,2019-02-18,29910-视觉设计师（深圳）
深圳,2019-02-18,27092-应用宝商业化内部合作经理（深圳）
上海,2019-02-18,15618-游戏客户端开发工程师（上海）
深圳,2019-02-18,TEG14-云数据库高级研发工程师（深圳/北京/武汉）
北京,2019-02-18,23671-企鹅号内容营销负责人（北京）
广州,2019-02-18,WXG03-小程序终端系统开发（广州）
深圳,2019-02-18,22989-腾讯云容器高级工程师（深圳）
北京,2019-02-18,25814-数据产品经理
深圳,2019-02-18,27564-移动游戏运营开发工程师
广州,2019-02-18,WXG03-小游戏引擎客户端开发(广州）
深圳,2019-02-18,27020-全栈云工程师（深圳）
北京,2019-02-18,22851-腾讯视频少儿IP高级商务经理（北京）
北京,2019-02-18,15612-MMORPG剧情策划师（北京）
深圳,2019-02-18,28607-122 微信支付自然语言处理高级工程师（深圳）
上海,2019-02-18,29314-合资公司CFO（深圳/上海）
北京,2019-02-18,CSIG16-车联网产品经理（智能座舱产品规划）（北京）
北京,2019-02-18,CSIG16-数据分析产品经理
深圳,2019-02-18,27092-应用宝后台开发工程师（深圳）
北京,2019-02-18,21527-腾讯音乐PHP开发工程师（北京）
深圳,2019-02-18,29316-组织发展经理（深圳）
深圳,2019-02-18,RP-WEB前端开发工程师（深圳）
深圳,2019-02-18,27092-算法工程开发工程师（深圳）
深圳,2019-02-18,HY6-互娱推广策划经理-营销方向
北京,2019-02-18,CSIG16-质量评测研发工程师
深圳,2019-02-18,21062-高级3D游戏特效师(深圳）
深圳,2019-02-18,15602-UI组组长（深圳）
深圳,2019-02-18,22989-大数据AI综合应用后台开发工程师
广州,2019-02-18,WXG03-115 小程序&小游戏基础前端开发（广州）
深圳,2019-02-18,PCG09-web前端开发（深圳）
深圳,2019-02-18,PCG15-互动视频web前端开发（深圳）
深圳,2019-02-18,25926-数据挖掘工程师
深圳,2019-02-18,GY0-前端开发工程师（海外云产品）
深圳,2019-02-18,25667-战略BD-基础架构、物联网、安全方向
深圳,2019-02-18,22989-CV计算机视觉组产品组长
成都,2019-02-18,22989-腾讯云售后技术支持（成都）
成都,2019-02-18,22989-腾讯云售后技术支持工程师（视频云）（成都）
深圳,2019-02-18,S2-运维开发工程师（深圳）
杭州,2019-02-18,22989-大数据AI综合应用后台开发工程师
北京,2019-02-18,24547-战略高级分析师
上海,2019-02-18,PCG11-区域大网总裁（上海）
福州,2019-02-18,PCG11-区域大网总裁（福州）
深圳,2019-02-18,15569-游戏引擎高级研发工程师
深圳,2019-02-18,PCG15-互动视频产品策划经理（深圳）
深圳,2019-02-18,18425-支付资金管理产品经理
深圳,2019-02-18,22989-物联网前端高级工程师
北京,2019-02-18,22090-android开发工程师
广州,2019-02-18,CSIG08-交互设计师（广州）
北京,2019-02-18,CSIG16-AI产品经理（内容服务领域）
上海,2019-02-18,20503-视频AI算法研究员（上海）
北京,2019-02-18,TEG11-信息流推荐高级研究员（北京）
北京,2019-02-18,22989-腾讯云售后技术支持工程师（视频云）（北京）
深圳,2019-02-18,TEG03-机器学习高级研究员（深圳）
深圳,2019-02-18,22989-iOS 开发高级工程师
深圳,2019-02-18,22989-Windows 开发高级工程师
深圳,2019-02-18,22989-视频云高级产品经理
深圳,2019-02-18,22989-大数据应用研发一组组长
深圳,2019-02-18,25925-AI高级产品运营经理（深圳）
深圳,2019-02-18,22989-深度学习资深算法工程师
深圳,2019-02-18,29315-员工关系经理（深圳）
深圳,2019-02-18,22989-视频监控高级产品经理
深圳,2019-02-18,22989-通信云高级产品经理
上海,2019-02-18,15614-天刀手游战斗系统策划（上海）
北京,2019-02-18,PCG03-腾讯体育市场传播经理
深圳,2019-02-18,29569-金融APP产品策划经理
深圳,2019-02-18,SD3-PUBG MOBILE 高级客户端开发工程师
深圳,2019-02-18,SD3-PUBG MOBILE 高级商业化策划
深圳,2019-02-18,30359-存储后台开发高级工程师
北京,2019-02-18,28313-自制剧制片经理
北京,2019-02-18,CSIG02-腾讯智慧教育产品经理（北京）
深圳,2019-02-18,15570-高级系统策划（FPS/TPS射击类）（深圳）
深圳,2019-02-18,25667-战略BD
深圳,2019-02-18,25929-互娱数据经营分析师（深圳）
深圳,2019-02-18,25928-Unreal客户端开发工程师 (深圳)  
昆明,2019-02-18,CSIG02-腾讯云web前端开发工程师（昆明）
深圳,2019-02-18,30359-Java后台高级开发工程师
美国,2019-02-18,25928-机器学习/人工智能研究员 Machine Learning/Artificial Intelligence Researcher 
深圳,2019-02-18,WXG04-143 小游戏后台安全策略工程师(深圳)
深圳,2019-02-18,PCG14-应用宝商业化后台开发（深圳）
美国,2019-02-18,TEG02-DCN系统设计师
北京,2019-02-18,TEG02-FPGA研发工程师
深圳,2019-02-18,PCG15-互动视频超级用户产品运营经理
深圳,2019-02-18,PCG15-海外渠道运营推广经理
深圳,2019-02-18,TEG04-PHP高级开发工程师（深圳）
深圳,2019-02-18,22989-硬件产品经理（深圳）
北京,2019-02-18,30623-腾讯联盟广告移动客户端IOS/Android、高级开发工程师（北京）
深圳,2019-02-18,WH-劳动关系高级经理(深圳)
日本,2019-02-18,28605-321 微信境外支付高级区域经理（日本）
深圳,2019-02-18,22989-AI产品前端软件开发工程师（深圳/北京/杭州）
深圳,2019-02-18,TME-音乐分析及搜索算法工程师（深圳）
深圳,2019-02-18,TME-全民K歌音频算法工程师（深圳）
深圳,2019-02-18,29777-腾讯云广电行业总监（北京/深圳）
深圳,2019-02-18,29777-腾讯云交通行业总监（深圳）
深圳,2019-02-18,TME-音乐品质提升算法工程师（深圳）
深圳,2019-02-18,22989-小程序云开发后台开发高级工程师（深圳）
深圳,2019-02-18,22989-物联网-智能家居与智能硬件解决方案架构师（深圳）
深圳,2019-02-18,22989-智慧城市/交通/能源产品架构师（深圳/上海）
深圳,2019-02-18,22989-AI产品高级后台软件开发工程师(深圳/北京/杭州）
深圳,2019-02-18,28481-医疗健康售前解决方案架构师（深圳/北京/上海）
深圳,2019-02-18,HY-游戏发行/运营培训生（深圳）
深圳,2019-02-18,PCG14-应用宝数据挖掘算法工程师（深圳）
深圳,2019-02-18,25667-渠道销售经理（深圳）
北京,2019-02-18,22989-专有云高级后台研发工程师（深圳/北京）
深圳,2019-02-18,22989-IoT安全高级产品经理（深圳/上海/北京）
深圳,2019-02-18,22989-工业物联Paas平台高级产品经理（深圳/上海）
上海,2019-02-18,30361-小程序/WEB前端工程师（上海）
深圳,2019-02-18,17520-体育游戏数值策划
深圳,2019-02-18,17520-体育游戏玩法策划
深圳,2019-02-18,28481-医疗健康UI开发工程师(深圳)
深圳,2019-02-18,TME-全民K歌项目经理（深圳）
上海,2019-02-18,25928-高级图形开发工程师（上海）
深圳,2019-02-18,TME-QQ音乐营收产品策划（深圳）
深圳,2019-02-18,25928-高级Java后台开发工程师（深圳）
深圳,2019-02-18,28481-健康保险行业合作高级经理（深圳）
北京,2019-02-18,PCG20-行政运营经理（北京）
深圳,2019-02-18,PCG20-高管秘书（深圳）
深圳,2019-02-18,14914-市场助理总经理
深圳,2019-02-18,25927-高级php后台开发（深圳）
深圳,2019-02-18,15605-火影忍者ACT手游3D动画设计
深圳,2019-02-18,15605-火影忍者ACT手游特效设计（深圳）
深圳,2019-02-18,15570-手游后台高级工程师
深圳,2019-02-18,CSIG14-移动安全高级研究员（深圳）
深圳,2019-02-18,WXG04-122 微信游戏机器学习工程师
深圳,2019-02-18,27562-SOC赛道手游运营策划（深圳）
北京,2019-02-18,22989-云数据库高级DBA
成都,2019-02-18,22989-云数据库高级DBA
深圳,2019-02-18,22989-运营产品中心web前端开发
深圳,2019-02-18,22989-AI应用后台开发工程师（深圳）
深圳,2019-02-18,22989-腾讯云CDN专项高级技术支持工程师（深圳/北京）
深圳,2019-02-18,25578-医疗AI软件开发
深圳,2019-02-18,28601-117 微信支付智慧应用Android开发工程师（深圳）
北京,2019-02-18,CS-腾讯公益内容运营岗位
香港,2019-02-18,TZ-Investor Access (Hong Kong)
深圳,2019-02-18,22989-腾讯云Spark高级工程师（深圳）
深圳,2019-02-18,PCG20-PCG办公室深圳行政组leader
广州,2019-02-18,WXG03-122 小程序搜索算法工程师（广州）
深圳,2019-02-18,PCG20-行政运营经理（深圳）
深圳,2019-02-18,30620-腾讯广告投放平台产品经理（微信广告 深圳）
深圳,2019-02-18,25663-泛互联网海外高级运营经理（深圳）
深圳,2019-02-18,25663-泛互联网高级战略规划师（深圳）
成都,2019-02-18,22989-腾讯云数据库高级Web前端开发（成都/深圳）
深圳,2019-02-18,RP-研发项目经理（深圳）
上海,2019-02-18,21229-游戏App应用开发工程师（上海）
深圳,2019-02-18,21309-腾讯课堂-广告流量运营高级经理
深圳,2019-02-18,18436-金融数据专家
深圳,2019-02-18,28481-医疗大数据开发工程师（深圳）
深圳,2019-02-18,28302-Start云游戏后台高级开发工程师 
深圳,2019-02-18,28302-Start云游戏windows客户端高级开发工程师 
深圳,2019-02-18,TEG02-光网络控制系统高级研发工程师（深圳总部）
北京,2019-02-18,27730-短视频商业分析师（北京）
深圳,2019-02-18,GY0-JOOX Andriod开发工程师（深圳）
深圳,2019-02-18,23671-企鹅号数据挖掘工程师-图像识别（深圳）
北京,2019-02-18,23672-视频资讯项目策划
深圳,2019-02-18,22989-腾讯云数据库内核研发高级工程师(北京/深圳/成都)
深圳,2019-02-18,25663-腾讯云游戏行业高级运营经理(深圳)
深圳,2019-02-18,25663-泛互联网行业高级项目经理（深圳）
深圳,2019-02-18,CSIG02-腾讯云建筑/小区物业社区行业高级产品策划（深圳）
深圳,2019-02-18,28607-111 微信支付高级数据分析师（深圳）
深圳,2019-02-18,22989-腾讯云计算机视觉后台开发工程师（深圳）
深圳,2019-02-18,22989-腾讯云数据库研发高级工程师(北京/深圳/成都)
成都,2019-02-18,22989-腾讯云数据库研发高级工程师(北京/深圳/成都)
深圳,2019-02-18,CSIG02-腾讯云旅游行业高级产品策划经理（深圳）
昆明,2019-02-18,26381-政务业务拓展经理（昆明）
广州,2019-02-18,WXG10-116 企业微信测试开发工程师（广州）
深圳,2019-02-18,27092-广告算法工程师（深圳）
北京,2019-02-18,17759-腾讯视频数据分析运营经理（北京）
深圳,2019-02-18,29311-智慧产业市场部-市场研究与商业分析经理（深圳）
上海,2019-02-18,15618-游戏客户端开发工程师（上海）
深圳,2019-02-18,29912-微视增长渠道运营
深圳,2019-02-18,20503-AI应用Linux后台研发工程师（深圳）
北京,2019-02-18,23671-企鹅号游戏品类运营
美国,2019-02-18,25928-虚拟人研究高级工程师
深圳,2019-02-18,TEG13-安全策略后台开发工程师（深圳）
上海,2019-02-18,22989-高级AI前端研发工程师（上海/深圳）
香港,2019-02-18,TZ-Content Manager（Hongkong）
深圳,2019-02-18,GY0-海外ToB业务产品经理
深圳,2019-02-18,18428-腾讯金融与支付创新业务高级工程师（c++及java）
深圳,2019-02-18,PCG09-QQ看点策略推荐高级产品经理
上海,2019-02-18,22989-腾讯云物联网前端研发(高级)工程师(上海)
北京,2019-02-18,29313-PCG财务高级经理（北京）
深圳,2019-02-18,PCG04-外包管理员（深圳）
深圳,2019-02-18,18425-支付测试开发工程师（深圳）
北京,2019-02-18,TME-腾讯音乐Android开发工程师（北京）
深圳,2019-02-18,25668-腾讯云市场营销中心-腾讯云行业市场推广经理（深圳）
深圳,2019-02-18,TZ-IR Analyst（深圳）
深圳,2019-02-18,TEG09-内核高级开发工程师（深圳）
深圳,2019-02-18,TEG09-异构计算专家工程师
深圳,2019-02-18,27020-量子实验室项目经理（深圳）
上海,2019-02-18,22989-AI基础项目经理PM（上海/深圳）
马来西亚,2019-02-18,GY0-Content Operation Manager - JOOX (Malaysia)
深圳,2019-02-18,15605-《一人之下》手游高级关卡策划（深圳）
上海,2019-02-18,22989-AI平台产品经理/架构师（上海/深圳）
上海,2019-02-18,22989-音频算法工程师（上海/深圳）
深圳,2019-02-18,25923-golang研发工程师（深圳）
深圳,2019-02-18,28601-211微信支付手机厂商行业运营经理（深圳）
深圳,2019-02-18,TME-腾讯音乐娱乐创意营销（深圳）
深圳,2019-02-18,21882-医疗资讯产品中心-高级视觉设计师（深圳）
深圳,2019-02-18,21882-腾讯医典运营开发工程师（深圳）
深圳,2019-02-18,PCG04-测试开发工程师（深圳）
深圳,2019-02-18,21309-在线教育Web前端开发工程师（深圳）
深圳,2019-02-18,29777-腾讯云交通行业架构师（北京/上海/深圳）
荷兰,2019-02-18,28605-321 微信境外支付高级区域经理（荷兰）
深圳,2019-02-18,28601-213 微信支付行业应用产品经理（深圳）
深圳,2019-02-18,22989-物联网开发平台高级产品策划经理
深圳,2019-02-18,TEG05-移动终端安全高级工程师（深圳）
深圳,2019-02-18,27553-腾讯音乐Web前端开发工程师（深圳）
上海,2019-02-18,25928-游戏后台开发工程师
深圳,2019-02-18,25928-游戏客户端开发高级工程师  Senior Game Engine Programmer
深圳,2019-02-18,29303-大数据及人工智能专家（深圳）
广州,2019-02-18,WXG10-119 企业微信PC端开发工程师（广州）
深圳,2019-02-18,27092-应用宝游戏专区运营（深圳）
广州,2019-02-18,WXG08-121 微信推荐数据挖掘工程师PW（广州/深圳）
深圳,2019-02-18,28600-212 微信支付服务商运营经理（深圳）
深圳,2019-02-18,27087-应用宝行业营销经理（深圳）
深圳,2019-02-18,PCG14-算法工程开发工程师（深圳）
广州,2019-02-18,WXG07-113 QQ邮箱安全后台开发工程师（广州）
深圳,2019-02-18,CSIG18-Linux后台开发工程师
成都,2019-02-18,15575-《王者荣耀》数值策划（成都）
深圳,2019-02-18,22989-腾讯云网络产品运营经理
深圳,2019-02-18,27087-数据营销经理(深圳）
深圳,2019-02-18,CSIG18-云安全项目经理（深圳）
深圳,2019-02-18,CSIG18-腾讯云安全web前端工程师
成都,2019-02-18,15575-《王者荣耀》社区运营（成都）
北京,2019-02-18,19822-短视频制作人（北京）
北京,2019-02-18,CSIG16-平台数据工艺产品经理
深圳,2019-02-18,21309-推荐算法工程师（深圳）
深圳,2019-02-18,CSIG02-泛政府行业高级商业分析师（深圳）
北京,2019-02-18,22851-腾讯视频时尚中心商务岗位
深圳,2019-02-18,S2-高级应收管理经理
深圳,2019-02-18,22989-物联网嵌入式高级开发工程师（深圳）
北京,2019-02-18,CSIG16-地图众包python研发工程师
深圳,2019-02-18,25668-腾讯云传统行业高级市场经理（深圳）
广州,2019-02-18,WXG08-122 微信搜索算法工程师PW（广州）
深圳,2019-02-18,CSIG02-腾讯云房地产行业高级运营经理（深圳）
深圳,2019-02-18,28605-113 微信支付国际化运营开发工程师（深圳）
深圳,2019-02-18,27442-反舞弊调查经理（深圳）
深圳,2019-02-18,22989-腾讯云云市场高级产品经理（深圳）
深圳,2019-02-18,16810-动漫平台Andriod开发工程师（深圳）
深圳,2019-02-18,TME-QQ音乐社交后台开发工程师（深圳）
深圳,2019-02-18,TME-QQ音乐社交IOS开发工程师（深圳）
深圳,2019-02-18,TEG14-云网络高级研发工程师（深圳）
深圳,2019-02-18,22989-通信研发项目经理
深圳,2019-02-18,PCG04-数据科学家（深圳）
深圳,2019-02-18,28600-211 微信支付服务商产品运营经理（深圳）
深圳,2019-02-18,TEG11-数据挖掘研究员(深圳）
成都,2019-02-18,15575-《王者荣耀》数据分析师（成都）
深圳,2019-02-18,TME-QQ音乐社区产品策划（深圳）
深圳,2019-02-18,29777-金融云区块链高级研发工程师（深圳）
深圳,2019-02-18,TEG13-安全产品经理（深圳）
北京,2019-02-18,TEG13-小语种机器翻译算法工程师 （北京）
成都,2019-02-18,22989-高级大数据研发工程师（深圳/北京/上海/成都）
深圳,2019-02-18,CSIG07-安全技术高级工程师（深圳）（深圳总部）
深圳,2019-02-18,18302-Unreal4手游客户端资深开发工程师（深圳总部）
深圳,2019-02-18,25422-堡垒之夜活动/商业化运营(深圳)
深圳,2019-02-18,21085-CF移动端运营策划（深圳）
深圳,2019-02-18,21090-运营策划（深圳）
深圳,2019-02-18,27560-游戏策划（深圳）
深圳,2019-02-18,26787-应用市场商务合作经理
深圳,2019-02-18,TEG02-自研交换机测试高级工程师（深圳）
北京,2019-02-18,CSIG16-数据生产工程师
北京,2019-02-18,CSIG16-数据质量主管
北京,2019-02-18,CSIG16-数据质量专员
深圳,2019-02-18,CSIG17-资深测试工程师（深圳）
深圳,2019-02-18,15571-资深3D角色设计师
深圳,2019-02-18,23295-互娱PHP开发工程师（深圳）
深圳,2019-02-18,30360-社交平台Android开发工程师（深圳）
深圳,2019-02-18,23671-腾讯topic基金投资经理（深圳）
深圳,2019-02-18,TEG03-算法专家（深圳）
深圳,2019-02-18,PCG14-商业化策略产品经理（深圳）
北京,2019-02-18,CSIG17-高级质量管理工程师
深圳,2019-02-18,29777-工业消费品高级产品经理（深圳）
北京,2019-02-18,CS-“科学探索奖”项目经理
北京,2019-02-18,CSIG16-综合管理专员
深圳,2019-02-18,27566-互动小说平台资深运营经理（深圳）
深圳,2019-02-18,21090-运营活动/商业化/数据分析（深圳）
广州,2019-02-18,WXG10-221 企业微信产品策划经理（广州）
深圳,2019-02-18,ZL-Investment & Business Analysis Manager
北京,2019-02-18,TEG11-自然语言处理研究员(北京)
上海,2019-02-18,15616-高级手游系统策划（上海）
深圳,2019-02-18,18432-微黄金产品运营经理
上海,2019-02-18,19332-高级PHP开发工程师（上海）
深圳,2019-02-18,23671-企鹅号前端开发工程师（深圳）
深圳,2019-02-18,PCG14-二次元类产品运营（深圳）
北京,2019-02-18,TEG12-数据中心经理（北京）
深圳,2019-02-18,14914-危机公关经理（深圳）
深圳,2019-02-18,31499-高级项目经理（深圳）
北京,2019-02-18,TEG17-语音识别/合成研究员（北京）
深圳,2019-02-18,25924-机器学习高级研究员（深圳）
深圳,2019-02-18,25925-心悦俱乐部内容运营
深圳,2019-02-18,27087-高级社群运营经理
深圳,2019-02-18,WXG09-微信支付品牌营销经理
成都,2019-02-18,17759-腾讯视频内容用户运营（成都）
深圳,2019-02-18,28604-212 微信支付基础支付产品策划经理（深圳）
深圳,2019-02-18,23671-企鹅号平台产品运营经理（合作产品方向）
深圳,2019-02-18,TME-全民K歌安全运营经理（深圳）
深圳,2019-02-18,TME-创新产品社区产品经理（深圳）
深圳,2019-02-18,25927-高级测试开发工程师（深圳）
深圳,2019-02-18,TEG02-运营流程开发工程师（深圳）
深圳,2019-02-18,ZSC-Senior Patent Counsel/Expert
北京,2019-02-18,19837-电影新媒体策划经理（北京）
深圳,2019-02-18,28603-111 微信支付营销业务分析师（深圳）
深圳,2019-02-18,30360-后台平台开发（深圳）
深圳,2019-02-18,TEG11-搜索后台开发工程师（深圳）
上海,2019-02-18,15616-高级特效设计师
上海,2019-02-18,15616-高级动画设计师
深圳,2019-02-18,22989-视频云产品运营经理
深圳,2019-02-18,22989-腾讯云品牌设计组-视觉设计师（深圳）
深圳,2019-02-18,27730-Yoo视频APP后台开发工程师（深圳）
深圳,2019-02-18,28601-211 微信支付商户质量运营经理（深圳）
上海,2019-02-18,WXG10-321 企业微信商务推广经理（上海-政府）
深圳,2019-02-18,TEG09-协议栈优化高级工程师
深圳,2019-02-18,TEG09-IoT研发工程师
深圳,2019-02-18,22989-专有云服务产品经理（深圳）
深圳,2019-02-18,22989-腾讯云DNSPod域名服务PHP/Python开发工程师
深圳,2019-02-18,30620-腾讯广告本地生活行业运营经理（微信广告 深圳）
深圳,2019-02-18,TME-全民k歌海外用户增长产品策略经理
北京,2019-02-18,CSIG16-腾讯地图导航引擎开发工程师（北京）
北京,2019-02-18,CSIG16-腾讯地图搜索高级算法工程师 
武汉,2019-02-18,21309-深圳市腾讯教育科技有限公司师训主管（武汉）
深圳,2019-02-18,TEG15-智能运维算法高级工程师（深圳）
深圳,2019-02-18,15611-游戏后台开发工程师（深圳）
深圳,2019-02-18,22989-物联网操作系统高级产品经理（深圳）
上海,2019-02-18,15616-高级原画设计师
深圳,2019-02-18,28603-115 微信支付web前端开发工程师（深圳）
深圳,2019-02-18,27216-视觉设计师
广州,2019-02-18,14137-WXG财务管理（广州）
北京,2019-02-18,CSIG16-腾讯地图iOS客户端高级开发工程师
北京,2019-02-18,CSIG16-腾讯地图Android开发工程师（北京）
深圳,2019-02-18,15583-Unity游戏开发工程师(深圳)
武汉,2019-02-18,21309-深圳市腾讯教育科技有限公司高中数学辅导老师（武汉）
武汉,2019-02-18,21309-深圳市腾讯教育科技有限公司选聘专员（武汉）
深圳,2019-02-18,25666-金融云业务拓展总监（深圳）
武汉,2019-02-18,21309-深圳市腾讯教育科技有限公司销售主管（武汉）
深圳,2019-02-18,22989-腾讯云加速中心C++高级工程师（深圳）
深圳,2019-02-18,26563-PC客户端开发工程师(深圳）
深圳,2019-02-18,TME-MOO音乐产品运营（深圳）
武汉,2019-02-18,21309-深圳市腾讯教育科技有限公司质检专员（武汉）
深圳,2019-02-18,TME-QQ音乐渠道运营经理（深圳）
深圳,2019-02-18,22989-计算产品中心Web前端高级工程师
深圳,2019-02-18,22989-边缘计算高级开发工程师
深圳,2019-02-18,TME-Moo音乐内容专题编辑（深圳）
深圳,2019-02-18,TEG13-运营开发工程师（深圳）
深圳,2019-02-18,CSIG02-腾讯云行业方案架构师（北京/上海/深圳/成都）
深圳,2019-02-18,15569-魂斗罗手游后台开发工程师
深圳,2019-02-18,TEG11-游戏AI高级系统工程师(深圳）
武汉,2019-02-18,21309-深圳市腾讯教育科技有限公司财务主管（武汉）
北京,2019-02-18,PCG04-腾讯新闻后台测试开发工程师（北京）
深圳,2019-02-18,TEG11-游戏AI高级产品经理（深圳）
北京,2019-02-18,29777-金融售中架构师
北京,2019-02-18,29777-腾讯云区块链高级产品经理（北京）
广州,2019-02-18,WXG08-122 微信推荐机器学习算法工程师（广州）
深圳,2019-02-18,29777-腾讯云广电行业方案架构师（北京/上海/深圳）
北京,2019-02-18,29777-金融云证券行业售前架构师（北京）
上海,2019-02-18,25663-泛互联网售中架构师（上海）
北京,2019-02-18,22989-大数据后台开发工程师
香港,2019-02-18,BOD-Company Secretarial Professionals
深圳,2019-02-18,29499-腾讯影业业务管理经理
深圳,2019-02-18,18402-MMO手游平台渠道运营
北京,2019-02-18,29777-金融云银行行业业务架构师
深圳,2019-02-18,TME-QQ音乐VIP活动运营
深圳,2019-02-18,CSIG18-腾讯云安全运营开发工程师（深圳）
深圳,2019-02-18,CSIG18-安全咨询
深圳,2019-02-18,PCG14-应用宝平台运营（深圳）
深圳,2019-02-18,25923-Java高级工程师（深圳）
北京,2019-02-18,22989-大数据前端开发工程师
北京,2019-02-18,22989-大数据和人工智能高级开发工程师（北京）
深圳,2019-02-18,27730-Yoo视频高级视觉设计师 （深圳）
深圳,2019-02-18,25663-泛互联网售中架构师（深圳总部）
深圳,2019-02-18,TME-全民K歌iOS开发工程师（深圳）
深圳,2019-02-18,25928-G6后台开发高级工程师
深圳,2019-02-18,29912-安全审核leader
广州,2019-02-18,WXG02-116 微信后台测试开发工程师（广州）
深圳,2019-02-18,15571-FPS手游服务器开发工程师
上海,2019-02-18,22989-人工智能产品经理（上海/深圳）
深圳,2019-02-18,TEG09-运营规划经理(深圳)
深圳,2019-02-18,29912-内容运营leader （深圳总部）
深圳,2019-02-18,25666-运营商销售经理
上海,2019-02-18,22989-高级人工智能后台研发（上海/深圳）
北京,2019-02-18,29476-制片经理
深圳,2019-02-18,CSIG18-腾讯云AI产品经理
深圳,2019-02-18,PCG14-应用宝平台运营产品经理（深圳）
北京,2019-02-18,23486-前端开发组长
深圳,2019-02-18,22989-腾讯云域名产品WEB开发工程师
深圳,2019-02-18,20765-腾讯接待交流中心高级经理（深圳）
深圳,2019-02-18,CSIG02-腾讯云交付项目经理（深圳）
深圳,2019-02-18,23295-互娱腾讯游戏整合品牌经理
深圳,2019-02-18,TEG14-高级产品经理
深圳,2019-02-18,27553-腾讯音乐视觉设计师（深圳）
深圳,2019-02-18,29912-短视频社区后台开发工程师
深圳,2019-02-18,TEG02-服务器OS应用工程师
深圳,2019-02-18,25663-泛文娱行业解决方案专家（深圳总部）
上海,2019-02-18,25663-泛文娱行业解决方案专家（上海）
深圳,2019-02-18,WXG01-微信客户端开发-小程序跨平台SDK
深圳,2019-02-18,24491-2D场景设计师（深圳）
深圳,2019-02-18,28601-212 微信支付技术文档工程师（深圳）
深圳,2019-02-18,28601-213 微信支付智慧零售项目经理（深圳）
北京,2019-02-18,21528-版权商务-日语
上海,2019-02-18,30624-腾讯广告华东服饰用品行业销售（上海）
深圳,2019-02-18,28481-医疗健康行业运营经理（深圳）
深圳,2019-02-18,TA-T+平台培训经理（深圳）
深圳,2019-02-18,TEG02-服务器装备工程师
深圳,2019-02-18,PCG14-高级品质工程师（深圳）
上海,2019-02-18,25663-泛互联网行业解决方案专家（上海）
深圳,2019-02-18,25666-腾讯云资源调度商务拓展（深圳/北京）
深圳,2019-02-18,CSIG18-运营开发工程师（深圳）
深圳,2019-02-18,CB-福利经理（深圳）
上海,2019-02-18,27192-互娱市场与用户研究经理（上海）
北京,2019-02-18,23672-腾讯娱乐节目制片人（北京）
深圳,2019-02-18,30360-QQ会员-Web前端开发工程师
深圳,2019-02-18,25928-云游戏后台高级开发工程师
深圳,2019-02-18,CSIG02-腾讯云教育行业高级产品经理（课程）
深圳,2019-02-18,18425-金融人工智能高级研究员
北京,2019-02-18,25663-泛互联网行业高级产品经理(北/上/深）（北京）
深圳,2019-02-18,21530-腾讯音乐高级员工关系经理（深圳）
上海,2019-02-18,25668-腾讯云媒介策划及投放（上海）
成都,2019-02-18,PCG10-高级产品经理（海外浏览器核心功能迭代方向）
深圳,2019-02-18,IEG-HRBP（深圳）
上海,2019-02-18,30623-腾讯广告联盟后台功能策略开发高级工程师（上海）
香港,2019-02-18,GY0-Business Development Manager - TSA (Hong Kong) 
香港,2019-02-18,GY0-Business Development Manager - Cloud (Hong Kong）
北京,2019-02-18,7660-腾讯广告web前端开发工程师（北京）
深圳,2019-02-18,TEG04-智慧校园产品运营经理（教育合作拓展）（深圳）
深圳,2019-02-18,30621-腾讯社交广告效果广告运营经理（新闻视频广告 深圳）
